t,x,y,z
0,-0.18326,0.576657,0.122173
0.00946,-0.206472,0.529009,0.152716
0.018862,-0.202807,0.520457,0.188146
0.028461,-0.171042,0.597426,0.248011
0.037715,-0.116064,0.725708,0.315206
0.047121,-0.025656,0.831998,0.329867
0.056611,0.076969,0.845437,0.315206
0.065972,0.144164,0.791681,0.28222
0.07541,0.182038,0.76969,0.239459
0.084799,0.185703,0.746477,0.205251
0.094287,0.16249,0.61453,0.161268
0.103706,0.069639,0.411723,0.123395
0.113114,-0.057421,0.268781,0.13439
0.122541,-0.161268,0.188146,0.149051
0.131988,-0.240681,0.090408,0.144164
0.141391,-0.298102,0.020769,0.133169
0.150866,-0.333532,-0.014661,0.161268
0.160274,-0.348193,0.00733,0.223577
0.169691,-0.370184,0.150273,0.257785
0.179122,-0.340863,0.293215,0.227242
0.188739,-0.271224,0.410501,0.146608
0.197955,-0.175929,0.561996,0.030543
0.207384,-0.065973,0.6915,-0.081856
0.216836,0.047647,0.808786,-0.158825
0.226222,0.150273,0.86132,-0.189368
0.23566,0.228464,0.785573,-0.216246
0.245079,0.280998,0.640187,-0.232129
0.254513,0.301767,0.498466,-0.222355
0.263964,0.288328,0.383623,-0.228464
0.273394,0.277333,0.340863,-0.28222
0.282819,0.280998,0.370184,-0.351858
0.292262,0.263894,0.486249,-0.329867
0.301681,0.237016,0.620639,-0.216246
0.311115,0.211359,0.693943,-0.111177
0.320563,0.189368,0.695165,-0.061087
0.329964,0.172264,0.570548,-0.052534
0.339384,0.122173,0.288328,-0.015882
0.348831,-0.013439,0.021991,0.058643
0.358258,-0.201586,-0.114843,0.138056
0.367666,-0.320093,-0.232129,0.174707
0.377107,-0.323759,-0.392176,0.157603
0.386542,-0.212581,-0.627969,0.130725
0.395959,-0.019548,-0.858877,0.079412
0.405373,0.157603,-0.95295,0.032987
0.414802,0.273668,-0.966389,0.00733
0.424229,0.307876,-0.888198,0.034208
0.433691,0.255342,-0.715934,0.075747
0.443102,0.105069,-0.477697,0.102625
0.452534,-0.041539,-0.298102,0.095295
0.461976,-0.145386,-0.219911,0.068417
0.471382,-0.257785,-0.122173,0.032987
0.480797,-0.378736,0.046426,-0.012217
0.490534,-0.486249,0.172264,-0.067195
0.499667,-0.535118,0.216246,-0.095295
0.509121,-0.537561,0.252898,-0.092852
0.518519,-0.488692,0.305433,-0.069639
0.527941,-0.410501,0.389732,-0.021991
0.537382,-0.272446,0.420275,0.009774
0.546796,-0.076969,0.362854,0.006109
0.55623,0.163712,0.208916,-0.015882
0.565627,0.328645,0.061087,-0.079412
0.575059,0.38118,-0.085521,-0.129503
0.584528,0.349415,-0.208916,-0.09163
0.593919,0.266337,-0.326202,-0.023213
0.603385,0.166155,-0.44471,0.054978
0.612784,0.078191,-0.588874,0.116064
0.622182,0.024435,-0.748921,0.147829
0.63175,0.048869,-0.915076,0.210138
0.64105,0.13439,-0.968832,0.279776
0.650501,0.251676,-0.95295,0.309098
0.659911,0.377515,-0.941954,0.300546
0.66934,0.496023,-0.972497,0.280998
0.678755,0.5791,-0.970054,0.237016
0.688194,0.625526,-0.92485,0.146608
0.697652,0.603535,-0.812451,0.054978
0.707066,0.526566,-0.67073,-0.025656
0.716536,0.415388,-0.557109,-0.085521
0.725927,0.300546,-0.44471,-0.118508
0.735331,0.185703,-0.26145,-0.136834
0.744767,0.065973,-0.010996,-0.09163
0.75421,-0.015882,0.221133,0.047647
0.763666,-0.010996,0.278555,0.153938
0.773728,-0.062308,0.215025,0.131947
0.782462,-0.188146,0.179594,0.030543
0.792237,-0.367741,0.184481,-0.067195
0.801373,-0.587652,0.212581,-0.074526
0.810785,-0.786794,0.243124,-0.034208
0.820206,-0.890641,0.252898,0.003665
0.829643,-0.850324,0.245568,-0.020769
0.839073,-0.701273,0.240681,-0.101404
0.848515,-0.465479,0.251676,-0.146608
0.858002,-0.217468,0.346971,-0.142942
0.867427,-0.025656,0.445932,-0.100182
0.876812,0.114843,0.535118,-0.053756
0.886195,0.250455,0.665843,-0.081856
0.895605,0.312763,0.719599,-0.173486
0.905042,0.382402,0.772134,-0.263894
0.914497,0.45204,0.872316,-0.32498
0.923887,0.502131,1.045801,-0.326202
0.933322,0.572992,1.185079,-0.249233
0.94274,0.625526,1.254717,-0.19792
0.952402,0.681726,1.199739,-0.204029
0.961612,0.687834,0.998154,-0.26145
0.971046,0.551001,0.725708,-0.290772
0.98049,0.280998,0.496023,-0.235794
0.989939,-0.017104,0.44471,-0.11973
0.999324,-0.276111,0.50091,-0.020769
1.008742,-0.445932,0.503353,0.017104
1.01819,-0.510683,0.420275,-0.030543
1.027602,-0.454484,0.250455,-0.107512
1.03702,-0.252898,-0.012217,-0.172264
1.046449,-0.010996,-0.251676,-0.221133
1.055886,0.146608,-0.408058,-0.235794
1.065324,0.160047,-0.465479,-0.216246
1.074735,0.048869,-0.450819,-0.147829
1.084177,-0.109956,-0.489914,-0.059865
1.093685,-0.252898,-0.577879,0.002443
1.103039,-0.35308,-0.656069,0.036652
1.112509,-0.375071,-0.724486,0.084299
1.121935,-0.349415,-0.747699,0.138056
1.131332,-0.279776,-0.684169,0.219911
1.140766,-0.138056,-0.593761,0.266337
1.150201,-0.001222,-0.554666,0.273668
1.159608,0.089186,-0.509462,0.257785
1.169043,0.089186,-0.467923,0.245568
1.178476,0.0281,-0.47281,0.262672
1.187887,-0.103847,-0.455705,0.301767
1.197316,-0.294437,-0.40928,0.359189
1.20675,-0.464258,-0.419054,0.41661
1.216176,-0.615752,-0.433714,0.438601
1.225607,-0.700052,-0.428827,0.40928
1.235019,-0.657291,-0.449597,0.339641
1.244494,-0.441045,-0.42394,0.267559
1.254135,-0.111177,-0.294437,0.210138
1.263285,0.276111,-0.123395,0.179594
1.272728,0.626748,0.047647,0.136834
1.282153,0.893085,0.111177,0.050091
1.291585,1.095892,0.006109,-0.149051
1.301006,1.149648,-0.16249,-0.412945
1.310442,1.176526,-0.430049,-0.67806
1.319892,1.199739,-0.602313,-0.910189
1.329304,1.225396,-0.6353,-0.996932
1.338686,1.200961,-0.548557,-0.921185
1.348151,1.180192,-0.368963,-0.686613
1.357597,1.123992,-0.268781,-0.375071
1.367032,1.094671,-0.24679,-0.172264
1.376472,1.170418,-0.151495,-0.09896
1.385875,1.24983,-0.029322,-0.116064
1.395321,1.293813,0.087965,-0.160047
1.404715,1.260826,0.224798,-0.223577
1.414354,1.145983,0.320093,-0.285885
1.423604,0.985936,0.364076,-0.32498
1.433004,0.817338,0.41661,-0.312763
1.442448,0.654848,0.493579,-0.252898
1.451873,0.469145,0.570548,-0.164934
1.461299,0.199142,0.585209,-0.072082
1.470745,-0.113621,0.583987,0.020769
1.480169,-0.41661,0.608422,0.078191
1.489578,-0.665843,0.662178,0.118508
1.499,-0.817338,0.715934,0.135612
1.508438,-0.857655,0.768468,0.103847
1.517889,-0.792903,0.82589,0.026878
1.527286,-0.620639,0.869872,-0.064752
1.536738,-0.394619,0.956615,-0.19059
1.546122,-0.299324,0.993267,-0.322537
1.555578,-0.349415,0.943176,-0.412945
1.565004,-0.442266,0.816116,-0.430049
1.574446,-0.525344,0.570548,-0.386067
1.583877,-0.577879,0.263894,-0.305433
1.593291,-0.631635,0.048869,-0.177151
1.602729,-0.680504,-0.004887,0.020769
1.612115,-0.667065,-0.046426,0.19792
1.621611,-0.6072,-0.149051,0.283441
1.63101,-0.535118,-0.232129,0.284663
1.640418,-0.505796,-0.241903,0.251676
1.649867,-0.544892,-0.238237,0.22602
1.659291,-0.605978,-0.29688,0.210138
1.668683,-0.686613,-0.337198,0.278555
1.678118,-0.690278,-0.31032,0.442266
1.687538,-0.57177,-0.326202,0.591318
1.696988,-0.309098,-0.386067,0.669508
1.706414,-0.046426,-0.398284,0.669508
1.716128,0.096517,-0.339641,0.6353
1.725279,0.128282,-0.342085,0.609644
1.734723,0.12706,-0.42394,0.610865
1.744151,0.157603,-0.568105,0.608422
1.753559,0.259007,-0.714712,0.57177
1.762999,0.443488,-0.836885,0.521679
1.77243,0.654848,-0.899194,0.511905
1.781873,0.808786,-0.872316,0.557109
1.791324,0.862542,-0.813673,0.619417
1.800722,0.789238,-0.702495,0.640187
1.810146,0.560774,-0.459371,0.609644
1.819567,0.239459,-0.213803,0.504575
1.828981,-0.0562,-0.040317,0.410501
1.838433,-0.232129,0.101404,0.332311
1.847848,-0.25412,0.206472,0.240681
1.85728,-0.212581,0.31032,0.114843
1.86668,-0.185703,0.422719,-0.080634
1.87644,-0.185703,0.572992,-0.293215
1.885554,-0.173486,0.731817,-0.466701
1.895019,-0.139277,0.836885,-0.587652
1.904406,-0.150273,0.922407,-0.640187
1.913842,-0.229685,0.89675,-0.640187
1.923293,-0.379958,0.774577,-0.552222
1.932686,-0.591318,0.577879,-0.364076
1.942114,-0.827112,0.316428,-0.156382
1.951563,-0.983493,0.053756,-0.002443
1.960979,-1.028697,-0.196699,0.029322
1.970423,-0.946841,-0.348193,-0.09163
1.979833,-0.764803,-0.382402,-0.288328
1.989228,-0.503353,-0.305433,-0.494801
1.998701,-0.245568,-0.078191,-0.692721
2.008107,-0.040317,0.244346,-0.819781
2.017751,0.09896,0.525344,-0.86132
2.026968,0.180816,0.696386,-0.835664
2.036406,0.18326,0.746477,-0.709825
2.045817,0.09896,0.620639,-0.492357
2.055288,-0.064752,0.305433,-0.173486
2.064691,-0.280998,-0.009774,0.160047
2.074105,-0.497244,-0.294437,0.37385
2.083541,-0.664621,-0.489914,0.469145
2.092955,-0.786794,-0.559553,0.48014
2.102394,-0.871094,-0.533896,0.42394
2.111812,-0.939511,-0.481362,0.321315
2.121245,-1.010371,-0.417832,0.157603
2.130695,-1.071458,-0.378736,-0.014661
2.140117,-1.089784,-0.401949,-0.172264
2.149524,-1.043358,-0.45204,-0.32498
2.158971,-0.911411,-0.481362,-0.450819
2.16837,-0.684169,-0.450819,-0.529009
2.177924,-0.417832,-0.357967,-0.592539
2.187241,-0.153938,-0.207694,-0.645074
2.196665,0.054978,-0.032987,-0.669508
2.2061,0.216246,0.129503,-0.645074
2.215526,0.356745,0.250455,-0.586431
2.224959,0.460592,0.295659,-0.491136
2.234377,0.511905,0.22602,-0.354302
2.243804,0.477697,0.019548,-0.145386
2.253232,0.38851,-0.332311,0.150273
2.262678,0.294437,-0.747699,0.430049
2.272094,0.228464,-1.153314,0.565661
2.281541,0.194255,-1.380556,0.518014
2.290986,0.160047,-1.328021,0.342085
2.300384,0.111177,-1.047023,0.136834
2.309839,0.048869,-0.624304,-0.072082
2.319389,0.003665,-0.164934,-0.259007
2.328656,0.024435,0.223577,-0.403171
2.33812,0.111177,0.494801,-0.48747
2.347507,0.224798,0.6353,-0.511905
2.356951,0.35308,0.623083,-0.474031
2.366393,0.520457,0.498466,-0.377515
2.375796,0.735482,0.323759,-0.295659
2.385219,0.977384,0.189368,-0.250455
2.394658,1.189966,0.156382,-0.270002
2.404082,1.302365,0.230907,-0.320093
2.413507,1.286482,0.401949,-0.316428
2.422935,1.123992,0.586431,-0.19059
2.432366,0.814894,0.667065,0.046426
2.441807,0.361632,0.697608,0.344528
2.451247,-0.212581,0.627969,0.657291
2.46064,-0.717156,0.40928,0.906524
2.470096,-1.045801,0.141721,1.001819
2.479629,-1.181413,-0.089186,0.855211
2.488923,-1.160644,-0.193033,0.516792
2.498375,-1.039693,-0.217468,0.122173
2.507841,-0.860098,-0.185703,-0.222355
2.517212,-0.669508,-0.12706,-0.464258
2.526633,-0.503353,0.002443,-0.592539
2.536062,-0.359189,0.173486,-0.645074
2.545533,-0.235794,0.359189,-0.613309
2.554918,-0.147829,0.470366,-0.481362
2.564352,-0.048869,0.485027,-0.219911
2.573773,0.141721,0.404393,0.061087
2.583227,0.469145,0.267559,0.223577
2.592606,0.824668,0.117286,0.240681
2.60206,1.064127,0.006109,0.178373
2.611484,1.104444,-0.065973,0.089186
2.62125,0.968832,-0.029322,-0.006109
2.630347,0.722043,0.074526,-0.118508
2.639752,0.426384,0.16249,-0.171042
2.649213,0.103847,0.228464,-0.09896
2.658642,-0.182038,0.240681,0.0562
2.668053,-0.348193,0.160047,0.243124
2.677512,-0.397062,0.032987,0.406836
2.686915,-0.343306,-0.075747,0.504575
2.696353,-0.235794,-0.153938,0.503353
2.705776,-0.108734,-0.199142,0.411723
2.715199,-0.025656,-0.206472,0.299324
2.724649,-0.002443,-0.171042,0.193033
2.734046,0.001222,-0.097738,0.123395
2.743495,0.001222,-0.039095,0.100182
2.752904,0.008552,-0.036652,0.129503
2.762604,0.018326,-0.101404,0.169821
2.771794,0.019548,-0.230907,0.158825
2.781199,0.018326,-0.322537,0.073304
2.790626,-0.025656,-0.34575,-0.053756
2.800059,-0.123395,-0.316428,-0.19059
2.809489,-0.279776,-0.260229,-0.290772
2.818923,-0.481362,-0.243124,-0.288328
2.828334,-0.646295,-0.329867,-0.140499
2.837779,-0.759916,-0.447153,0.128282
2.847224,-0.79779,-0.540005,0.425162
2.856638,-0.722043,-0.602313,0.704939
2.866038,-0.542448,-0.647517,0.880868
2.87548,-0.313985,-0.750143,0.893085
2.884909,-0.101404,-0.955393,0.823446
2.894478,0.090408,-1.076345,0.64263
2.903766,0.280998,-1.037249,0.294437
2.913205,0.47281,-0.795347,-0.147829
2.922848,0.626748,-0.420275,-0.575435
2.932053,0.748921,0.0562,-0.943176
2.941478,0.813673,0.625526,-1.1582
2.950908,0.814894,1.127657,-1.14354
2.960325,0.735482,1.407434,-0.919963
2.969754,0.537561,1.437977,-0.559553
2.979186,0.224798,1.23517,-0.111177
2.988638,-0.141721,0.83322,0.326202
2.998064,-0.492357,0.377515,0.615752
3.007463,-0.822225,-0.008552,0.690278
3.01691,-1.110553,-0.291994,0.602313
3.026344,-1.328021,-0.436158,0.432493
3.035773,-1.437977,-0.411723,0.213803
3.045213,-1.413542,-0.265116,-0.040317
3.0546,-1.254717,-0.065973,-0.256563
3.064329,-0.921185,0.193033,-0.38851
3.07347,-0.408058,0.48747,-0.428827
3.082901,0.266337,0.704939,-0.399506
3.092317,0.982271,0.801455,-0.321315
3.101732,1.551598,0.799012,-0.259007
3.111261,1.874135,0.788016,-0.22602
3.120628,1.982869,0.737925,-0.230907
3.130017,1.92056,0.612087,-0.270002
3.13946,1.677436,0.504575,-0.299324
3.148926,1.273043,0.368963,-0.300546
3.15833,0.763582,0.19059,-0.25412
3.167736,0.252898,0.079412,-0.175929
3.177143,-0.139277,-0.006109,-0.160047
3.186594,-0.351858,-0.073304,-0.201586
3.196006,-0.45204,-0.040317,-0.252898
3.205477,-0.48747,0.042761,-0.322537
3.214888,-0.504575,0.0562,-0.395841
3.224602,-0.537561,0.023213,-0.398284
3.233728,-0.587652,-0.024435,-0.343306
3.243159,-0.629191,-0.085521,-0.240681
3.252654,-0.631635,-0.139277,-0.150273
3.262012,-0.592539,-0.237016,-0.118508
3.271443,-0.486249,-0.349415,-0.149051
3.28087,-0.309098,-0.447153,-0.262672
3.290278,-0.057421,-0.481362,-0.442266
3.299719,0.219911,-0.412945,-0.654848
3.309154,0.445932,-0.25412,-0.814894
3.318566,0.583987,-0.078191,-0.85399
3.32804,0.651182,0.010996,-0.76969
3.337448,0.673173,0.019548,-0.577879
3.346866,0.6634,-0.054978,-0.298102
3.3563,0.638965,-0.193033,0.018326
3.365873,0.582765,-0.337198,0.300546
3.375179,0.488692,-0.454484,0.492357
3.384623,0.362854,-0.525344,0.559553
3.394031,0.212581,-0.554666,0.520457
3.403455,0.059865,-0.544892,0.389732
3.412857,-0.089186,-0.502131,0.224798
3.422283,-0.184481,-0.40928,0.06353
3.43175,-0.19792,-0.285885,-0.043982
3.441171,-0.112399,-0.163712,-0.074526
3.450573,0.075747,-0.039095,-0.057421
3.459992,0.357967,0.058643,-0.00733
3.469434,0.686613,0.167377,0.083078
3.478858,0.965167,0.251676,0.177151
3.488283,1.175305,0.31765,0.276111
3.497711,1.299921,0.356745,0.36041
3.507157,1.301143,0.377515,0.38118
3.516567,1.093449,0.36041,0.38851
3.526565,0.681726,0.293215,0.467923
3.535404,0.124617,0.125838,0.621861
3.544854,-0.430049,-0.073304,0.786794
3.554294,-0.795347,-0.276111,0.877202
3.5637,-0.939511,-0.464258,0.850324
3.573144,-0.915076,-0.538783,0.665843
3.582557,-0.785573,-0.463036,0.379958
3.592,-0.5791,-0.28222,0.0562
3.601413,-0.340863,-0.042761,-0.24679
3.610852,-0.101404,0.206472,-0.450819
3.620277,0.118508,0.415388,-0.57177
3.629718,0.295659,0.592539,-0.64263
3.639138,0.433714,0.715934,-0.649961
3.648569,0.530231,0.730595,-0.527788
3.658007,0.592539,0.605978,-0.295659
3.667686,0.613309,0.410501,-0.030543
3.676818,0.590096,0.184481,0.177151
3.686276,0.503353,0.029322,0.313985
3.695734,0.349415,-0.039095,0.367741
3.705166,0.147829,-0.039095,0.329867
3.714559,-0.09163,0.021991,0.25412
3.723973,-0.313985,0.079412,0.172264
3.733395,-0.466701,0.129503,0.145386
3.74284,-0.513127,0.15516,0.172264
3.752248,-0.467923,0.116064,0.21869
3.761664,-0.361632,0.047647,0.266337
3.771113,-0.22602,-0.018326,0.262672
3.780531,-0.096517,-0.057421,0.215025
3.789994,0.004887,-0.081856,0.173486
3.799401,0.079412,-0.102625,0.12706
3.808803,0.150273,-0.090408,0.089186
3.818239,0.180816,-0.076969,0.075747
3.827969,0.174707,-0.089186,0.101404
3.837119,0.122173,-0.102625,0.130725
3.846526,0.037874,-0.100182,0.105069
3.855977,-0.07086,-0.09163,0.096517
3.8654,-0.164934,-0.116064,0.100182
3.874834,-0.19792,-0.18326,0.114843
3.884245,-0.16249,-0.28955,0.149051
3.893689,-0.106291,-0.390954,0.178373
3.9031,-0.084299,-0.449597,0.163712
3.912594,-0.124617,-0.37385,0.133169
3.921972,-0.223577,-0.222355,0.124617
3.931403,-0.366519,-0.046426,0.193033
3.940805,-0.449597,0.052534,0.366519
3.95024,-0.401949,-0.002443,0.574213
3.959674,-0.193033,-0.174707,0.736703
3.969338,0.096517,-0.32498,0.759916
3.978539,0.349415,-0.415388,0.610865
3.98796,0.450819,-0.415388,0.346971
3.997422,0.367741,-0.350637,0.078191
4.006813,0.186925,-0.28955,-0.210138
4.016246,-0.008552,-0.117286,-0.50091
4.025704,-0.178373,0.157603,-0.746477
4.035115,-0.263894,0.443488,-0.875981
4.044536,-0.277333,0.67806,-0.810007
4.053974,-0.208916,0.746477,-0.551001
4.063393,-0.094073,0.572992,-0.15516
4.072817,-0.008552,0.304211,0.244346
4.082236,-0.0281,0.059865,0.555887
4.091693,-0.195477,-0.124617,0.695165
4.10111,-0.499688,-0.185703,0.648739
4.110533,-0.863763,-0.140499,0.463036
4.119953,-1.1863,-0.081856,0.245568
4.129595,-1.393995,-0.041539,0.045204
4.13883,-1.455081,0.002443,-0.133169
4.148239,-1.361008,0.032987,-0.290772
4.157665,-1.089784,0.043982,-0.379958
4.167083,-0.680504,0.036652,-0.364076
4.176583,-0.153938,0.029322,-0.279776
4.186001,0.438601,0.083078,-0.142942
4.195372,0.961502,0.125838,-0.047647
4.204812,1.332908,0.185703,-0.018326
4.214256,1.543046,0.238237,-0.074526
4.223674,1.609019,0.295659,-0.21869
4.233095,1.534493,0.356745,-0.38851
4.242524,1.318247,0.35308,-0.549779
4.251958,1.004262,0.295659,-0.676839
4.261371,0.576657,0.171042,-0.757473
4.270789,0.062308,0.047647,-0.778242
4.280237,-0.428827,-0.020769,-0.76236
4.289961,-0.773355,-0.081856,-0.753808
4.299076,-0.92485,-0.102625,-0.750143
4.308519,-0.93218,-0.087965,-0.730595
4.317991,-0.847881,-0.086743,-0.676839
4.327344,-0.73426,-0.087965,-0.603535
4.336791,-0.621861,-0.090408,-0.530231
4.346246,-0.514348,-0.085521,-0.469145
4.355654,-0.395841,-0.065973,-0.433714
4.365095,-0.25412,-0.042761,-0.448375
4.374526,-0.108734,-0.030543,-0.471588
4.383919,0.023213,-0.036652,-0.459371
4.393349,0.177151,-0.067195,-0.399506
4.402844,0.362854,-0.107512,-0.327424
4.412258,0.552222,-0.120951,-0.256563
4.421645,0.690278,-0.138056,-0.161268
4.431192,0.733038,-0.129503,-0.015882
4.440516,0.703717,-0.123395,0.166155
4.449938,0.616974,-0.117286,0.351858
4.459411,0.524122,-0.128282,0.522901
4.468776,0.41661,-0.18326,0.618196
4.478243,0.26145,-0.288328,0.647517
4.487627,0.046426,-0.386067,0.619417
4.497039,-0.168599,-0.475253,0.541227
4.506492,-0.309098,-0.504575,0.405615
4.515941,-0.333532,-0.458149,0.235794
4.525353,-0.26145,-0.340863,0.030543
4.534765,-0.13439,-0.140499,-0.168599
4.54421,0.029322,0.06353,-0.304211
4.553639,0.265116,0.213803,-0.356745
4.563036,0.577879,0.31032,-0.36041
4.572758,0.902859,0.354302,-0.355524
4.581936,1.117883,0.365297,-0.322537
4.591337,1.160644,0.331089,-0.244346
4.60078,0.99571,0.288328,-0.105069
4.61019,0.654848,0.237016,0.096517
4.61966,0.182038,0.171042,0.31032
4.629077,-0.335976,0.078191,0.483805
4.638498,-0.768468,-0.046426,0.596204
4.647903,-1.034806,-0.19792,0.626748
4.657353,-1.121549,-0.365297,0.554666
4.666767,-1.08734,-0.467923,0.395841
4.676197,-0.965167,-0.458149,0.169821
4.685633,-0.753808,-0.375071,-0.09896
4.695053,-0.464258,-0.268781,-0.355524
4.70449,-0.167377,-0.138056,-0.530231
4.71393,0.116064,0.003665,-0.636522
4.723319,0.351858,0.136834,-0.679282
4.732968,0.546114,0.259007,-0.652404
4.742193,0.707382,0.342085,-0.565661
4.751612,0.85399,0.375071,-0.438601
4.761045,0.982271,0.346971,-0.283441
4.770492,1.067792,0.305433,-0.114843
4.779922,1.075123,0.248011,0.069639
4.789342,0.998154,0.195477,0.234572
4.798795,0.874759,0.161268,0.354302
4.808186,0.729373,0.133169,0.401949
4.817623,0.561996,0.117286,0.414167
4.827032,0.37385,0.118508,0.397062
4.836455,0.175929,0.15516,0.354302
4.845879,0.004887,0.188146,0.29688
4.855326,-0.105069,0.182038,0.257785
4.86476,-0.150273,0.123395,0.238237
4.874177,-0.11973,0.043982,0.222355
4.883624,-0.023213,-0.029322,0.169821
4.893032,0.107512,-0.081856,0.108734
4.902463,0.207694,-0.074526,0.089186
4.911891,0.263894,-0.036652,0.076969
4.921346,0.290772,0.029322,0.03543
4.930759,0.288328,0.138056,-0.002443
4.9402,0.268781,0.205251,-0.032987
4.949604,0.243124,0.234572,-0.037874
4.959034,0.172264,0.212581,-0.024435
4.968462,0.043982,0.193033,-0.006109
4.977908,-0.157603,0.164934,0.002443
4.987317,-0.403171,0.108734,0.043982
4.996762,-0.603535,0.058643,0.125838
5.006174,-0.72693,0.021991,0.239459
5.015593,-0.772134,0.012217,0.389732
5.025026,-0.777021,0.025656,0.542448
5.03474,-0.763582,0.03543,0.665843
5.043862,-0.720821,-0.043982,0.757473
5.053317,-0.651182,-0.276111,0.823446
5.062739,-0.540005,-0.509462,0.807564
5.072221,-0.393397,-0.57177,0.572992
5.081616,-0.25412,-0.412945,0.124617
5.091028,-0.204029,-0.076969,-0.384845
5.100429,-0.268781,0.280998,-0.742812
5.109881,-0.41661,0.565661,-0.824668
5.119355,-0.553444,0.680504,-0.685391
5.128711,-0.627969,0.636522,-0.38118
5.138166,-0.636522,0.438601,0.013439
5.14758,-0.618196,0.139277,0.408058
5.156997,-0.580322,-0.139277,0.713491
5.166435,-0.510683,-0.323759,0.816116
5.175927,-0.433714,-0.379958,0.745256
5.185291,-0.386067,-0.313985,0.585209
5.194723,-0.415388,-0.234572,0.417832
5.204146,-0.526566,-0.164934,0.302989
5.21357,-0.652404,-0.112399,0.200364
5.222992,-0.740369,-0.0281,0.090408
5.232462,-0.717156,0.090408,0.024435
5.241907,-0.541227,0.171042,0.017104
5.251334,-0.205251,0.200364,0.068417
5.260737,0.224798,0.18326,0.138056
5.27015,0.620639,0.101404,0.215025
5.27958,0.901637,0.017104,0.233351
5.289003,1.04458,-0.032987,0.169821
5.298439,1.038471,-0.06353,0.045204
5.307875,0.877202,-0.061087,-0.106291
5.31728,0.594983,-0.029322,-0.273668
5.326717,0.235794,0.03543,-0.415388
5.336287,-0.125838,0.076969,-0.486249
5.345578,-0.425162,0.079412,-0.522901
5.354996,-0.591318,0.03543,-0.527788
5.364435,-0.634078,-0.043982,-0.537561
5.373872,-0.593761,-0.112399,-0.557109
5.383307,-0.476475,-0.149051,-0.618196
5.39274,-0.295659,-0.163712,-0.723264
5.402153,-0.072082,-0.141721,-0.838107
5.411564,0.128282,-0.105069,-0.941954
5.420992,0.240681,-0.025656,-1.022588
5.430417,0.265116,0.075747,-1.05191
5.43988,0.251676,0.125838,-1.018923
5.449264,0.24679,0.130725,-0.91752
5.458707,0.305433,0.084299,-0.763582
5.468133,0.417832,0.020769,-0.582765
5.477587,0.5791,-0.037874,-0.41661
5.486997,0.729373,-0.116064,-0.318872
5.496681,0.817338,-0.171042,-0.283441
5.50586,0.781907,-0.223577,-0.283441
5.515284,0.608422,-0.267559,-0.278555
5.524756,0.343306,-0.251676,-0.223577
5.534167,0.047647,-0.216246,-0.131947
5.543562,-0.186925,-0.194255,-0.018326
5.553019,-0.288328,-0.200364,0.069639
5.562416,-0.262672,-0.265116,0.081856
5.571848,-0.166155,-0.366519,0.010996
5.581277,-0.034208,-0.436158,-0.138056
5.5907,0.065973,-0.410501,-0.362854
5.600133,0.101404,-0.285885,-0.575435
5.60955,0.072082,-0.130725,-0.679282
5.618986,0.031765,0.030543,-0.616974
5.62844,0.019548,0.105069,-0.430049
5.638107,0.073304,0.089186,-0.173486
5.647274,0.212581,0.037874,0.046426
5.656704,0.398284,0.014661,0.156382
5.666171,0.551001,0.054978,0.164934
5.675552,0.610865,0.122173,0.141721
5.684971,0.537561,0.175929,0.138056
5.694422,0.295659,0.166155,0.19792
5.703814,-0.084299,0.101404,0.344528
5.713295,-0.518014,-0.034208,0.54367
5.722681,-0.856433,-0.217468,0.753808
5.732135,-1.011593,-0.365297,0.901637
5.741561,-0.96028,-0.410501,0.928515
5.750988,-0.772134,-0.386067,0.842994
5.760406,-0.509462,-0.309098,0.715934
5.769837,-0.222355,-0.194255,0.557109
5.779419,0.074526,-0.095295,0.371406
5.788699,0.318872,0.039095,0.163712
5.798106,0.443488,0.201586,-0.057421
5.807542,0.430049,0.364076,-0.243124
5.816985,0.322537,0.509462,-0.320093
5.82643,0.22602,0.598648,-0.273668
5.835822,0.216246,0.624304,-0.173486
5.845245,0.28955,0.577879,-0.017104
5.854697,0.411723,0.460592,0.171042
5.86411,0.527788,0.31765,0.335976
5.873552,0.57177,0.211359,0.397062
5.882974,0.546114,0.164934,0.356745
5.892397,0.454484,0.172264,0.24679
5.901818,0.329867,0.212581,0.107512
5.911219,0.196699,0.267559,-0.048869
5.920686,0.083078,0.350637,-0.194255
5.930116,-0.030543,0.420275,-0.293215
5.939846,-0.136834,0.441045,-0.31032
5.948968,-0.213803,0.368963,-0.217468
5.958408,-0.24679,0.205251,-0.075747
5.967812,-0.232129,-0.010996,0.053756
5.977242,-0.201586,-0.202807,0.097738
5.98668,-0.219911,-0.339641,0.047647
5.996132,-0.321315,-0.379958,-0.018326
6.005555,-0.464258,-0.35308,-0.047647
6.014946,-0.6072,-0.288328,-0.024435
6.024374,-0.69883,-0.255342,0.072082
6.033805,-0.72693,-0.263894,0.256563
6.043263,-0.682947,-0.318872,0.461814
6.052682,-0.593761,-0.426384,0.629191
6.062768,-0.503353,-0.537561,0.755029
6.071544,-0.456927,-0.646295,0.819781
6.080955,-0.445932,-0.76969,0.813673
6.090372,-0.454484,-0.814894,0.717156
6.099954,-0.513127,-0.745256,0.544892
6.109549,-0.638965,-0.568105,0.357967
6.118667,-0.803899,-0.361632,0.233351
6.128085,-0.927293,-0.201586,0.212581
6.137522,-0.915076,-0.090408,0.262672
6.146965,-0.751364,-0.020769,0.328645
6.156391,-0.465479,-0.003665,0.35308
6.165831,-0.151495,-0.025656,0.34575
6.175229,0.07086,-0.031765,0.28955
6.184681,0.138056,-0.001222,0.160047
6.19408,0.106291,0.052534,-0.002443
6.203533,0.067195,0.113621,-0.193033
6.212939,0.096517,0.195477,-0.365297
6.222361,0.212581,0.28222,-0.494801
6.23178,0.343306,0.378736,-0.530231
6.241204,0.437379,0.445932,-0.461814
6.250708,0.47281,0.447153,-0.327424
6.260092,0.436158,0.44471,-0.174707
6.269526,0.309098,0.40928,-0.041539
6.278947,0.075747,0.323759,0.079412
6.288357,-0.179594,0.195477,0.179594
6.297821,-0.378736,0.050091,0.207694
6.307277,-0.483805,-0.054978,0.138056
6.316677,-0.504575,-0.086743,-0.012217
6.326115,-0.438601,-0.062308,-0.202807
6.335519,-0.291994,-0.018326,-0.364076
6.34493,-0.059865,0.041539,-0.483805
6.354336,0.227242,0.116064,-0.551001
6.363809,0.53634,0.184481,-0.61453
6.373285,0.816116,0.251676,-0.671952
6.38264,1.014036,0.290772,-0.719599
6.392076,1.110553,0.342085,-0.739147
6.401688,1.092227,0.419054,-0.72693
6.410959,0.963945,0.505796,-0.651182
6.420357,0.72693,0.564439,-0.505796
6.429774,0.398284,0.576657,-0.333532
6.439239,-0.029322,0.50091,-0.140499
6.44867,-0.483805,0.307876,0.07086
6.458064,-0.827112,0.054978,0.268781
6.467482,-0.987158,-0.222355,0.356745
6.476926,-0.977384,-0.463036,0.328645
6.486355,-0.857655,-0.554666,0.216246
6.495776,-0.662178,-0.50824,0.029322
6.505218,-0.417832,-0.338419,-0.182038
6.514659,-0.157603,-0.12706,-0.371406
6.524086,0.118508,0.06353,-0.497244
6.533505,0.384845,0.193033,-0.57177
6.542912,0.597426,0.241903,-0.596204
6.552359,0.72693,0.217468,-0.576657
6.561929,0.759916,0.139277,-0.504575
6.571185,0.704939,0.043982,-0.395841
6.580626,0.580322,-0.045204,-0.265116
6.590037,0.433714,-0.131947,-0.101404
6.599499,0.28222,-0.235794,0.080634
6.608895,0.150273,-0.366519,0.274889
6.61832,0.057421,-0.510683,0.465479
6.627748,0.017104,-0.647517,0.603535
6.637178,0.051313,-0.730595,0.653626
6.646636,0.113621,-0.766025,0.638965
6.656049,0.168599,-0.745256,0.513127
6.665457,0.194255,-0.643852,0.290772
6.674911,0.173486,-0.527788,0.0281
6.684341,0.11973,-0.433714,-0.191812
6.693781,0.081856,-0.382402,-0.31765
6.703191,0.118508,-0.405615,-0.337198
6.712671,0.260229,-0.437379,-0.320093
6.722351,0.461814,-0.447153,-0.313985
6.731467,0.684169,-0.483805,-0.302989
6.74093,0.847881,-0.524122,-0.279776
6.750329,0.930959,-0.53634,-0.274889
6.759775,0.938289,-0.492357,-0.293215
6.769191,0.890641,-0.404393,-0.294437
6.778612,0.744034,-0.311541,-0.244346
6.788043,0.481362,-0.19059,-0.141721
6.797485,0.144164,-0.052534,-0.013439
6.806913,-0.191812,0.09896,0.128282
6.816323,-0.42394,0.204029,0.266337
6.825766,-0.549779,0.278555,0.357967
6.835202,-0.619417,0.315206,0.386067
6.844642,-0.629191,0.279776,0.362854
6.85411,-0.594983,0.180816,0.323759
6.863681,-0.481362,0.0562,0.235794
6.872916,-0.313985,0.002443,0.073304
6.882345,-0.128282,0.048869,-0.178373
6.891762,0.017104,0.208916,-0.449597
6.901185,0.080634,0.45204,-0.685391
6.910614,0.067195,0.763582,-0.812451
6.920059,0.047647,1.015258,-0.829555
6.929476,0.042761,1.14354,-0.682947
6.938907,0.042761,1.076345,-0.370184
6.948318,0.0281,0.80512,0.052534
6.957757,-0.041539,0.470366,0.466701
6.967194,-0.171042,0.135612,0.763582
6.976602,-0.361632,-0.116064,0.91752
6.986037,-0.597426,-0.221133,0.929737
6.995478,-0.814894,-0.199142,0.824668
7.00486,-0.965167,-0.078191,0.646295
7.014314,-1.015258,0.043982,0.486249
7.023958,-0.971276,0.128282,0.387289
7.033191,-0.873537,0.163712,0.342085
7.042616,-0.733038,0.156382,0.309098
7.052011,-0.592539,0.073304,0.274889
7.061463,-0.478918,-0.039095,0.213803
7.070889,-0.432493,-0.105069,0.108734
7.08032,-0.464258,-0.07086,0.0281
7.089732,-0.525344,-0.012217,-0.032987
7.099152,-0.565661,0.047647,-0.046426
7.108626,-0.57177,0.105069,0.021991
7.118018,-0.570548,0.080634,0.144164
7.127447,-0.605978,0.003665,0.315206
7.136889,-0.656069,-0.12706,0.496023
7.14632,-0.718378,-0.251676,0.658513
7.155751,-0.791681,-0.329867,0.763582
7.165174,-0.869872,-0.364076,0.780686
7.174587,-0.971276,-0.349415,0.714712
7.184043,-1.089784,-0.288328,0.61453
7.193477,-1.204626,-0.229685,0.513127
7.202874,-1.296256,-0.189368,0.428827
7.212275,-1.343903,-0.188146,0.40928
7.221759,-1.288926,-0.260229,0.439823
7.231179,-1.109331,-0.365297,0.482584
7.240623,-0.828333,-0.398284,0.461814
7.250041,-0.509462,-0.368963,0.351858
7.259495,-0.240681,-0.29688,0.230907
7.268874,-0.111177,-0.182038,0.128282
7.278273,-0.136834,-0.043982,0.018326
7.287698,-0.24679,0.095295,-0.105069
7.29715,-0.365297,0.216246,-0.213803
7.306578,-0.461814,0.279776,-0.237016
7.315981,-0.530231,0.277333,-0.180816
7.325706,-0.588874,0.195477,-0.064752
7.334852,-0.636522,0.061087,0.083078
7.344265,-0.681726,-0.101404,0.239459
7.353696,-0.718378,-0.215025,0.322537
7.363162,-0.76236,-0.191812,0.287107
7.372588,-0.830777,-0.07086,0.184481
7.381992,-0.906524,0.090408,0.0562
7.391434,-0.979828,0.24679,-0.06353
7.400881,-0.99571,0.367741,-0.171042
7.410293,-0.938289,0.453262,-0.240681
7.419712,-0.85399,0.478918,-0.26145
7.429145,-0.759916,0.469145,-0.22602
7.438575,-0.667065,0.42394,-0.145386
7.448009,-0.583987,0.372628,-0.030543
7.457434,-0.494801,0.309098,0.07086
7.466857,-0.393397,0.240681,0.11973
7.476293,-0.320093,0.204029,0.109956
7.485948,-0.313985,0.217468,0.046426
7.495126,-0.394619,0.256563,-0.032987
7.504572,-0.544892,0.328645,-0.133169
7.514018,-0.736703,0.425162,-0.22602
7.523402,-0.970054,0.540005,-0.250455
7.532883,-1.222952,0.590096,-0.179594
7.542281,-1.469742,0.544892,-0.00733
7.551712,-1.668884,0.375071,0.211359
7.561173,-1.766622,0.142942,0.383623
7.570559,-1.739744,-0.068417,0.445932
7.580007,-1.629789,-0.249233,0.387289
7.58941,-1.463633,-0.364076,0.268781
7.59883,-1.282817,-0.392176,0.122173
7.608242,-1.086118,-0.322537,-0.021991
7.61768,-0.88942,-0.193033,-0.141721
7.627154,-0.690278,-0.046426,-0.221133
7.636544,-0.504575,0.052534,-0.241903
7.645999,-0.343306,0.089186,-0.228464
7.655385,-0.263894,0.076969,-0.189368
7.664843,-0.272446,0.032987,-0.12706
7.674274,-0.364076,-0.040317,-0.036652
7.683704,-0.504575,-0.138056,0.087965
7.693134,-0.6634,-0.270002,0.210138
7.702558,-0.823446,-0.42394,0.342085
7.711984,-0.944398,-0.585209,0.470366
7.721421,-1.012814,-0.720821,0.560774
7.730832,-1.004262,-0.789238,0.576657
7.740285,-0.933402,-0.779464,0.538783
7.749885,-0.836885,-0.708604,0.475253
7.759126,-0.756251,-0.601091,0.359189
7.768551,-0.708604,-0.475253,0.180816
7.77801,-0.703717,-0.327424,-0.042761
7.787434,-0.708604,-0.189368,-0.234572
7.796843,-0.695165,-0.085521,-0.331089
7.806261,-0.636522,-0.037874,-0.34575
7.815702,-0.558331,-0.057421,-0.279776
7.82511,-0.467923,-0.108734,-0.179594
7.834552,-0.361632,-0.138056,-0.102625
7.84396,-0.249233,-0.097738,-0.102625
7.85342,-0.147829,-0.021991,-0.189368
7.862821,-0.075747,0.081856,-0.312763
7.872283,-0.051313,0.189368,-0.463036
7.881702,-0.131947,0.305433,-0.558331
7.891116,-0.343306,0.389732,-0.526566
7.900553,-0.695165,0.420275,-0.346971
7.910121,-1.141096,0.313985,-0.047647
7.919411,-1.56015,0.089186,0.332311
7.928841,-1.832596,-0.210138,0.638965
7.938267,-1.888795,-0.488692,0.753808
7.947673,-1.72997,-0.636522,0.658513
7.957137,-1.411099,-0.67073,0.406836
7.966555,-1.027475,-0.566883,0.054978
7.975949,-0.653626,-0.351858,-0.36041
7.985348,-0.399506,-0.064752,-0.768468
7.994796,-0.288328,0.26145,-1.056797
8.004239,-0.256563,0.575435,-1.169196
8.013681,-0.267559,0.822225,-1.128879
8.023073,-0.321315,0.935846,-0.968832
8.032531,-0.449597,0.864985,-0.658513
8.042001,-0.657291,0.634078,-0.208916
8.051401,-0.907746,0.322537,0.262672
8.060812,-1.110553,0.322537,0.618196
8.070558,-1.2425,-0.267559,0.792903
8.079697,-1.317025,-0.406836,0.841772
8.089091,-1.372003,-0.439823,0.82589
8.098525,-1.401325,-0.399506,0.796568
8.108023,-1.382999,-0.294437,0.768468
8.11738,-1.318247,-0.156382,0.758695
8.12683,-1.194853,-0.019548,0.784351
8.136254,-1.056797,0.057421,0.845437
8.145661,-0.935846,0.100182,0.905302
8.155108,-0.845437,0.102625,0.897972
8.164529,-0.817338,0.06353,0.806342
8.174033,-0.875981,0.004887,0.680504
8.183452,-1.003041,-0.052534,0.541227
8.192816,-1.165531,-0.09163,0.439823
8.202241,-1.303586,-0.130725,0.389732
8.2119,-1.352456,-0.144164,0.401949
8.221108,-1.303586,-0.150273,0.422719
8.230513,-1.194853,-0.145386,0.438601
8.239952,-1.053132,-0.11973,0.420275
8.249374,-0.906524,-0.086743,0.366519
8.258783,-0.794125,-0.043982,0.285885
8.268231,-0.74159,-0.023213,0.213803
8.277659,-0.731817,-0.010996,0.146608
8.28709,-0.735482,0.010996,0.087965
8.296524,-0.737925,0.015882,0.048869
8.305951,-0.752586,0.014661,0.043982
8.315387,-0.752586,0.014661,0.068417
8.324791,-0.711047,-0.015882,0.089186
8.334256,-0.59987,0.008552,0.081856
8.34366,-0.428827,0.094073,0.021991
8.353219,-0.263894,0.222355,-0.064752
8.362517,-0.139277,0.375071,-0.130725
8.371949,-0.108734,0.50824,-0.128282
8.38136,-0.199142,0.586431,-0.042761
8.390783,-0.350637,0.597426,0.081856
8.40023,-0.531453,0.520457,0.210138
8.409663,-0.681726,0.393397,0.294437
8.41908,-0.780686,0.278555,0.312763
8.428491,-0.823446,0.201586,0.28955
8.437956,-0.838107,0.163712,0.255342
8.447439,-0.835664,0.208916,0.19059
8.456801,-0.807564,0.28222,0.112399
8.466193,-0.724486,0.322537,0.053756
8.475658,-0.572992,0.339641,0.021991
8.485076,-0.356745,0.342085,-0.018326
8.494517,-0.102625,0.342085,-0.073304
8.503905,0.150273,0.344528,-0.15516
8.513467,0.35308,0.346971,-0.255342
8.522791,0.431271,0.377515,-0.343306
8.53223,0.379958,0.400728,-0.371406
8.541653,0.224798,0.377515,-0.318872
8.551078,0.017104,0.278555,-0.184481
8.560515,-0.178373,0.144164,-0.009774
8.569938,-0.277333,-0.003665,0.136834
8.579369,-0.299324,-0.123395,0.186925
8.588801,-0.31765,-0.19059,0.177151
8.598228,-0.392176,-0.204029,0.146608
8.607638,-0.514348,-0.189368,0.106291
8.617059,-0.649961,-0.145386,0.092852
8.626506,-0.763582,-0.116064,0.09163
8.636006,-0.864985,-0.116064,0.087965
8.645345,-0.941954,-0.151495,0.080634
8.654774,-1.003041,-0.200364,0.083078
8.66423,-1.077566,-0.260229,0.089186
8.67393,-1.187522,-0.342085,0.118508
8.683058,-1.292591,-0.404393,0.15516
8.692477,-1.346347,-0.433714,0.166155
8.70193,-1.352456,-0.436158,0.118508
8.711376,-1.332908,-0.41661,0.036652
8.720791,-1.296256,-0.390954,-0.053756
8.730189,-1.255939,-0.359189,-0.111177
8.739625,-1.216844,-0.335976,-0.100182
8.749032,-1.188744,-0.313985,-0.020769
8.758463,-1.176526,-0.279776,0.097738
8.767888,-1.192409,-0.249233,0.250455
8.777366,-1.243722,-0.235794,0.45204
8.786801,-1.302365,-0.232129,0.651182
8.796191,-1.365895,-0.263894,0.818559
8.80563,-1.412321,-0.346971,0.950506
8.815166,-1.414764,-0.461814,0.98105
8.824503,-1.398881,-0.504575,0.866207
8.833906,-1.409877,-0.404393,0.588874
8.843353,-1.489289,-0.205251,0.199142
8.852787,-1.618793,0.00733,-0.166155
8.862156,-1.696984,0.157603,-0.362854
8.871633,-1.672549,0.237016,-0.38851
8.881063,-1.546711,0.233351,-0.274889
8.89048,-1.356121,0.151495,-0.085521
8.899916,-1.164309,0.046426,0.120951
8.909304,-1.01648,-0.048869,0.267559
8.918752,-0.939511,-0.07086,0.346971
8.928181,-0.91752,-0.024435,0.333532
8.93761,-0.877202,0.039095,0.22602
8.947043,-0.800234,0.087965,0.085521
8.956478,-0.6353,0.122173,-0.043982
8.965915,-0.401949,0.200364,-0.195477
8.975512,-0.189368,0.355524,-0.31032
8.984753,-0.075747,0.53634,-0.351858
8.994212,-0.068417,0.689056,-0.28955
9.003652,-0.166155,0.747699,-0.100182
9.01305,-0.329867,0.656069,0.168599
9.022456,-0.549779,0.436158,0.447153
9.0319,-0.780686,0.194255,0.652404
9.041338,-0.972497,-0.001222,0.687834
9.050745,-1.075123,-0.118508,0.537561
9.060168,-1.116662,-0.079412,0.248011
9.06961,-1.130101,0.058643,-0.12706
9.079037,-1.106888,0.271224,-0.48014
9.088461,-1.047023,0.527788,-0.733038
9.097877,-0.990823,0.775799,-0.844216
9.107355,-0.96028,0.918741,-0.759916
9.116789,-0.910189,0.907746,-0.503353
9.12618,-0.856433,0.72693,-0.108734
9.135635,-0.764803,0.434936,0.346971
9.145033,-0.64263,0.102625,0.692721
9.15447,-0.50091,-0.189368,0.888198
9.163867,-0.370184,-0.383623,0.937067
9.173322,-0.266337,-0.44471,0.824668
9.182768,-0.240681,-0.356745,0.568105
9.192169,-0.301767,-0.164934,0.262672
9.201602,-0.394619,0.047647,0.037874
9.211017,-0.467923,0.215025,-0.062308
9.220461,-0.458149,0.311541,-0.052534
9.22988,-0.367741,0.300546,0.039095
9.239324,-0.228464,0.200364,0.161268
9.248776,-0.09163,0.067195,0.268781
9.258175,0.002443,-0.037874,0.312763
9.267589,0.037874,-0.106291,0.271224
9.277129,0.017104,-0.122173,0.186925
9.286458,-0.003665,-0.135612,0.114843
9.295881,0.034208,-0.141721,0.050091
9.305308,0.158825,-0.158825,0.006109
9.31472,0.335976,-0.168599,-0.061087
9.324186,0.485027,-0.149051,-0.152716
9.333677,0.530231,-0.124617,-0.229685
9.34302,0.48014,-0.080634,-0.287107
9.352446,0.404393,-0.064752,-0.304211
9.361881,0.371406,-0.109956,-0.255342
9.371315,0.382402,-0.240681,-0.156382
9.380765,0.419054,-0.433714,-0.018326
9.390155,0.497244,-0.609644,0.078191
9.399592,0.624304,-0.703717,0.029322
9.409002,0.781907,-0.656069,-0.15516
9.418457,0.902859,-0.461814,-0.41661
9.42787,0.962724,-0.157603,-0.667065
9.437631,0.972497,0.185703,-0.82589
9.446745,0.966389,0.445932,-0.835664
9.456151,0.959058,0.580322,-0.735482
9.465547,0.921185,0.632856,-0.552222
9.475027,0.855211,0.620639,-0.34575
9.484444,0.742812,0.580322,-0.164934
9.493879,0.61453,0.509462,-0.021991
9.503284,0.466701,0.420275,0.062308
9.51272,0.304211,0.367741,0.16249
9.522145,0.196699,0.340863,0.250455
9.531577,0.145386,0.327424,0.300546
9.541004,0.146608,0.333532,0.305433
9.55045,0.199142,0.332311,0.273668
9.559875,0.291994,0.334754,0.184481
9.569285,0.393397,0.346971,0.054978
9.578696,0.475253,0.390954,-0.080634
9.588155,0.54367,0.439823,-0.215025
9.597847,0.604757,0.425162,-0.294437
9.607062,0.685391,0.359189,-0.29688
9.616423,0.784351,0.26145,-0.240681
9.625844,0.862542,0.160047,-0.141721
9.635346,0.922407,0.050091,-0.023213
9.644704,0.973719,-0.015882,0.0562
9.654196,1.020145,-0.043982,0.068417
9.663581,1.027475,-0.045204,0.024435
9.672995,0.993267,-0.026878,-0.075747
9.682413,0.923628,0.017104,-0.212581
9.691843,0.828333,0.085521,-0.346971
9.701287,0.703717,0.167377,-0.430049
9.710735,0.541227,0.196699,-0.410501
9.720135,0.379958,0.141721,-0.272446
9.729568,0.260229,0.034208,-0.067195
9.739201,0.210138,-0.102625,0.139277
9.748435,0.202807,-0.207694,0.273668
9.757837,0.22602,-0.25412,0.304211
9.76729,0.235794,-0.270002,0.251676
9.776765,0.241903,-0.28222,0.141721
9.786157,0.257785,-0.307876,0.043982
9.795562,0.306654,-0.311541,-0.050091
9.804981,0.408058,-0.285885,-0.152716
9.814425,0.53634,-0.243124,-0.245568
9.823824,0.69883,-0.199142,-0.329867
9.833262,0.888198,-0.153938,-0.419054
9.842691,1.064127,-0.111177,-0.502131
9.852111,1.174083,-0.086743,-0.551001
9.861552,1.208291,-0.09896,-0.553444
9.871001,1.1863,-0.166155,-0.518014
9.880423,1.105666,-0.272446,-0.456927
9.889867,0.974941,-0.343306,-0.399506
9.89952,0.812451,-0.344528,-0.331089
9.908729,0.647517,-0.295659,-0.265116
9.918143,0.527788,-0.251676,-0.177151
9.927589,0.470366,-0.240681,-0.074526
9.936989,0.491136,-0.263894,-0.001222
9.946397,0.558331,-0.301767,0.020769
9.955842,0.615752,-0.354302,0.004887
9.96526,0.659735,-0.398284,-0.045204
9.974723,0.712269,-0.432493,-0.169821
9.984107,0.729373,-0.394619,-0.323759
9.993542,0.720821,-0.29688,-0.448375
10.002982,0.724486,-0.174707,-0.502131
10.012417,0.775799,-0.059865,-0.475253
10.021885,0.880868,0.018326,-0.389732
10.031274,1.001819,0.015882,-0.25412
10.040897,1.106888,-0.046426,-0.111177
10.050111,1.193631,-0.147829,-0.018326
10.059535,1.282817,-0.276111,-0.019548
10.068984,1.357343,-0.339641,-0.13439
10.078398,1.418429,-0.304211,-0.408058
10.087813,1.435533,-0.09896,-0.796568
10.09725,1.390329,0.227242,-1.120327
10.106694,1.303586,0.564439,-1.216844
10.116073,1.203404,0.751364,-1.062906
10.125509,1.086118,0.748921,-0.687834
10.134942,0.886976,0.563218,-0.167377
10.144394,0.59987,0.237016,0.364076
10.153805,0.326202,-0.135612,0.731817
10.163221,0.130725,-0.430049,0.831998
10.172695,0.03543,-0.564439,0.69883
10.182125,0.061087,-0.575435,0.38118
10.191548,0.161268,-0.422719,-0.053756
10.201207,0.306654,-0.19792,-0.507018
10.210398,0.483805,0.062308,-0.852768
10.219828,0.696386,0.361632,-1.04458
10.229225,0.911411,0.631635,-1.099557
10.238681,1.100779,0.841772,-1.048245
10.248083,1.189966,0.93218,-0.875981
10.257521,1.142318,0.88942,-0.596204
10.266931,0.983493,0.715934,-0.222355
10.27637,0.785573,0.48747,0.146608
10.285782,0.605978,0.233351,0.459371
10.295238,0.474031,0.004887,0.656069
10.304645,0.372628,-0.130725,0.746477
10.314156,0.306654,-0.177151,0.764803
10.323503,0.285885,-0.195477,0.744034
10.332935,0.316428,-0.186925,0.682947
10.342486,0.365297,-0.150273,0.572992
10.351792,0.431271,-0.089186,0.441045
10.361219,0.526566,-0.032987,0.312763
10.370681,0.658513,-0.004887,0.185703
10.380106,0.817338,0.003665,0.032987
10.389514,0.954172,-0.001222,-0.113621
10.39894,1.042136,-0.032987,-0.223577
10.408399,1.078788,-0.092852,-0.290772
10.417802,1.055575,-0.141721,-0.332311
10.42722,0.970054,-0.160047,-0.337198
10.436651,0.839329,-0.158825,-0.298102
10.446117,0.719599,-0.117286,-0.26145
10.455512,0.636522,-0.087965,-0.208916
10.464945,0.629191,-0.057421,-0.160047
10.474397,0.676839,-0.047647,-0.123395
10.483801,0.755029,-0.065973,-0.092852
10.493235,0.814894,-0.100182,-0.061087
10.502762,0.83322,-0.157603,-0.042761
10.512092,0.818559,-0.230907,-0.045204
10.521517,0.752586,-0.256563,-0.048869
10.530935,0.675617,-0.268781,-0.046426
10.540364,0.627969,-0.249233,-0.053756
10.549776,0.616974,-0.21869,-0.050091
10.559231,0.598648,-0.193033,-0.034208
10.56864,0.570548,-0.179594,-0.031765
10.578048,0.575435,-0.125838,-0.045204
10.587498,0.605978,-0.024435,-0.107512
10.596912,0.632856,0.107512,-0.179594
10.606361,0.612087,0.213803,-0.185703
10.615807,0.553444,0.263894,-0.111177
10.625232,0.50091,0.26145,-0.019548
10.634694,0.458149,0.213803,0.050091
10.644119,0.426384,0.156382,0.090408
10.653534,0.397062,0.124617,0.09896
10.663252,0.378736,0.097738,0.094073
10.672386,0.384845,0.037874,0.096517
10.681787,0.454484,-0.017104,0.086743
10.691199,0.580322,-0.025656,0.031765
10.700646,0.717156,-0.025656,-0.054978
10.710063,0.82589,0.048869,-0.128282
10.719471,0.869872,0.080634,-0.195477
10.728946,0.856433,0.117286,-0.249233
10.738352,0.849103,0.156382,-0.294437
10.747801,0.884533,0.19059,-0.359189
10.75721,0.935846,0.201586,-0.427606
10.766596,0.976163,0.164934,-0.470366
10.776106,0.998154,0.101404,-0.456927
10.785494,1.014036,0.0281,-0.427606
10.79492,1.032362,-0.018326,-0.405615
10.804466,1.047023,-0.048869,-0.375071
10.813781,1.040914,-0.043982,-0.348193
10.823222,1.032362,-0.039095,-0.339641
10.832621,1.038471,-0.03543,-0.35308
10.842057,1.047023,-0.00733,-0.375071
10.851465,1.033584,0.043982,-0.394619
10.860907,0.992045,0.109956,-0.398284
10.870359,0.92485,0.160047,-0.36041
10.879779,0.835664,0.168599,-0.290772
10.8892,0.697608,0.116064,-0.206472
10.898624,0.524122,0.008552,-0.139277
10.908066,0.334754,-0.087965,-0.103847
10.917494,0.232129,-0.152716,-0.105069
10.926939,0.260229,-0.167377,-0.163712
10.936352,0.389732,-0.160047,-0.245568
10.945763,0.57177,-0.141721,-0.31032
10.955237,0.729373,-0.116064,-0.340863
10.964736,0.838107,-0.074526,-0.342085
10.974077,0.873537,-0.019548,-0.346971
10.983473,0.863763,0.053756,-0.350637
10.992911,0.818559,0.135612,-0.344528
11.002402,0.737925,0.177151,-0.335976
11.011762,0.645074,0.15516,-0.278555
11.021208,0.553444,0.101404,-0.188146
11.030628,0.471588,0.023213,-0.095295
11.040053,0.397062,-0.068417,-0.003665
11.049482,0.337198,-0.172264,0.073304
11.058898,0.273668,-0.291994,0.161268
11.068365,0.22602,-0.394619,0.205251
11.077789,0.227242,-0.476475,0.188146
11.087191,0.276111,-0.530231,0.168599
11.096628,0.331089,-0.531453,0.124617
11.106158,0.357967,-0.48747,0.023213
11.115517,0.338419,-0.387289,-0.081856
11.124907,0.26145,-0.267559,-0.19792
11.13433,0.189368,-0.156382,-0.276111
11.14377,0.167377,-0.078191,-0.294437
11.153182,0.230907,-0.073304,-0.222355
11.1626,0.36041,-0.130725,-0.092852
11.172033,0.564439,-0.251676,0.00733
11.182213,0.827112,-0.343306,0.025656
11.1909,1.110553,-0.38851,-0.062308
11.200318,1.321912,-0.366519,-0.257785
11.209768,1.408655,-0.28222,-0.503353
11.219168,1.408655,-0.141721,-0.733038
11.228625,1.351234,0.057421,-0.86132
11.23806,1.216844,0.249233,-0.806342
11.247493,0.983493,0.334754,-0.538783
11.256912,0.695165,0.241903,-0.136834
11.266541,0.417832,0.030543,0.256563
11.27575,0.16249,-0.184481,0.496023
11.285151,-0.053756,-0.332311,0.518014
11.294618,-0.200364,-0.370184,0.384845
11.304007,-0.256563,-0.338419,0.151495
11.313435,-0.243124,-0.229685,-0.125838
11.322915,-0.152716,-0.059865,-0.386067
11.33232,0.001222,0.131947,-0.583987
11.341766,0.201586,0.316428,-0.70616
11.351171,0.430049,0.499688,-0.767247
11.360596,0.665843,0.647517,-0.784351
11.370015,0.834442,0.719599,-0.73426
11.379529,0.902859,0.719599,-0.585209
11.388878,0.879646,0.669508,-0.340863
11.398318,0.785573,0.585209,-0.074526
11.407759,0.637743,0.481362,0.179594
11.417148,0.467923,0.403171,0.390954
11.426864,0.290772,0.350637,0.526566
11.436092,0.161268,0.332311,0.597426
11.445444,0.09163,0.332311,0.596204
11.454863,0.090408,0.344528,0.538783
11.464294,0.16249,0.343306,0.408058
11.473743,0.268781,0.332311,0.240681
11.483152,0.368963,0.313985,0.064752
11.492578,0.445932,0.299324,-0.089186
11.502022,0.497244,0.343306,-0.21869
11.511463,0.524122,0.419054,-0.323759
11.52086,0.537561,0.486249,-0.394619
11.530293,0.531453,0.541227,-0.403171
11.539709,0.540005,0.565661,-0.364076
11.549145,0.558331,0.546114,-0.298102
11.558576,0.57177,0.456927,-0.196699
11.568108,0.602313,0.328645,-0.090408
11.577439,0.613309,0.228464,-0.015882
11.586897,0.554666,0.113621,0.021991
11.596301,0.432493,-0.018326,0.100182
11.605785,0.348193,-0.140499,0.194255
11.615148,0.364076,-0.208916,0.262672
11.624607,0.456927,-0.219911,0.333532
11.634041,0.576657,-0.19792,0.408058
11.643461,0.669508,-0.158825,0.48014
11.652877,0.693943,-0.109956,0.552222
11.662324,0.626748,-0.094073,0.6353
11.671735,0.48014,-0.11973,0.718378
11.681138,0.32498,-0.189368,0.753808
11.690556,0.213803,-0.240681,0.737925
11.70001,0.172264,-0.267559,0.684169
11.70944,0.166155,-0.278555,0.602313
11.718856,0.178373,-0.240681,0.510683
11.72854,0.201586,-0.122173,0.405615
11.737713,0.262672,0.03543,0.305433
11.747154,0.343306,0.177151,0.194255
11.756569,0.412945,0.266337,0.109956
11.765994,0.447153,0.291994,0.067195
11.775418,0.467923,0.280998,0.074526
11.784869,0.494801,0.241903,0.094073
11.794292,0.507018,0.166155,0.087965
11.803734,0.475253,0.108734,0.118508
11.813158,0.367741,0.078191,0.169821
11.822564,0.177151,0.046426,0.237016
11.832002,-0.072082,0.057421,0.268781
11.841459,-0.357967,0.128282,0.228464
11.850873,-0.604757,0.245568,0.130725
11.860298,-0.740369,0.323759,0.018326
11.870015,-0.718378,0.299324,-0.084299
11.879143,-0.57177,0.199142,-0.191812
11.888607,-0.309098,0.06353,-0.29688
11.897992,0.045204,-0.083078,-0.401949
11.907429,0.45204,-0.204029,-0.514348
11.916914,0.878424,-0.25412,-0.649961
11.926324,1.275487,-0.207694,-0.79046
11.935725,1.568702,-0.086743,-0.921185
11.945131,1.748296,0.045204,-1.014036
11.954582,1.799609,0.15516,-1.014036
11.964,1.748296,0.195477,-0.929737
11.973389,1.635897,0.122173,-0.774577
11.982861,1.492955,-0.020769,-0.583987
11.992295,1.321912,-0.196699,-0.41661
12.00173,1.137431,-0.348193,-0.322537
12.011145,0.927293,-0.461814,-0.327424
12.020537,0.722043,-0.498466,-0.404393
12.030335,0.555887,-0.449597,-0.527788
12.039459,0.496023,-0.339641,-0.665843
12.048836,0.548557,-0.206472,-0.76969
12.058247,0.680504,-0.096517,-0.831998
12.067738,0.838107,-0.061087,-0.830777
12.077141,0.950506,-0.074526,-0.761138
12.086565,1.014036,-0.096517,-0.703717
12.096028,1.039693,-0.090408,-0.682947
12.105412,1.021367,-0.043982,-0.686613
12.114854,0.993267,-0.012217,-0.684169
12.124237,0.98105,-0.037874,-0.629191
12.133685,1.017702,-0.130725,-0.502131
12.143145,1.102001,-0.249233,-0.311541
12.152527,1.204626,-0.393397,-0.084299
12.161976,1.281595,-0.510683,0.125838
12.171671,1.317025,-0.594983,0.290772
12.180834,1.297478,-0.583987,0.365297
12.190254,1.233948,-0.485027,0.355524
12.199666,1.134988,-0.348193,0.262672
12.209135,0.970054,-0.204029,0.150273
12.218541,0.785573,-0.095295,0.090408
12.227991,0.693943,-0.069639,0.025656
12.237412,0.729373,-0.050091,-0.068417
12.246822,0.824668,0.023213,-0.193033
12.256274,0.902859,0.129503,-0.323759
12.265682,0.929737,0.245568,-0.384845
12.275127,0.88942,0.356745,-0.328645
12.284523,0.828333,0.390954,-0.19059
12.293982,0.792903,0.322537,-0.013439
12.303411,0.85399,0.191812,0.128282
12.312801,0.973719,0.034208,0.185703
12.322317,1.12277,-0.113621,0.173486
12.331936,1.208291,-0.161268,0.068417
12.341121,1.167974,-0.061087,-0.105069
12.350535,0.985936,0.117286,-0.284663
12.359983,0.746477,0.316428,-0.361632
12.369463,0.552222,0.454484,-0.312763
12.378816,0.436158,0.499688,-0.199142
12.388259,0.370184,0.432493,-0.061087
12.397714,0.329867,0.268781,0.073304
12.407107,0.321315,0.095295,0.139277
12.41654,0.366519,-0.036652,0.090408
12.425959,0.44471,-0.061087,-0.047647
12.435418,0.529009,0.018326,-0.244346
12.44482,0.624304,0.188146,-0.443488
12.454268,0.729373,0.379958,-0.585209
12.463671,0.851546,0.535118,-0.624304
12.473316,0.978606,0.621861,-0.569326
12.482533,1.102001,0.59987,-0.433714
12.49196,1.187522,0.48747,-0.213803
12.501394,1.238835,0.346971,0.017104
12.510822,1.233948,0.189368,0.19792
12.520257,1.180192,0.017104,0.295659
12.529694,1.062906,-0.085521,0.31032
12.539107,0.879646,-0.11973,0.265116
12.548555,0.675617,-0.100182,0.180816
12.557967,0.509462,-0.042761,0.081856
12.567396,0.431271,0.021991,0.004887
12.576871,0.445932,0.068417,-0.030543
12.58629,0.519235,0.105069,-0.043982
12.595692,0.626748,0.118508,-0.052534
12.605083,0.742812,0.102625,-0.048869
12.614526,0.830777,0.059865,-0.0281
12.623948,0.863763,0.010996,-0.013439
12.633407,0.850324,-0.051313,-0.031765
12.642778,0.795347,-0.114843,-0.084299
12.652224,0.715934,-0.147829,-0.150273
12.66165,0.654848,-0.18326,-0.201586
12.671072,0.64263,-0.232129,-0.219911
12.6805,0.6915,-0.25412,-0.208916
12.689983,0.80512,-0.251676,-0.182038
12.699364,0.954172,-0.227242,-0.129503
12.708856,1.098336,-0.182038,-0.087965
12.718249,1.202183,-0.156382,-0.023213
12.727658,1.232726,-0.164934,0.06353
12.7371,1.198518,-0.196699,0.156382
12.746515,1.094671,-0.215025,0.215025
12.756,0.939511,-0.208916,0.240681
12.765375,0.767247,-0.147829,0.255342
12.774956,0.636522,-0.074526,0.273668
12.784237,0.57177,-0.048869,0.329867
12.793663,0.581544,-0.076969,0.401949
12.803134,0.654848,-0.117286,0.431271
12.812533,0.76236,-0.147829,0.361632
12.82198,0.857655,-0.172264,0.19792
12.831377,0.941954,-0.152716,-0.00733
12.840806,1.037249,-0.09163,-0.241903
12.850222,1.159422,0.03543,-0.483805
12.859663,1.27793,0.199142,-0.662178
12.86907,1.391551,0.393397,-0.739147
12.878493,1.459968,0.538783,-0.681726
12.887924,1.441642,0.575435,-0.455705
12.897354,1.34879,0.447153,-0.090408
12.906769,1.227839,0.206472,0.295659
12.916245,1.105666,-0.052534,0.560774
12.925667,0.912633,-0.272446,0.601091
12.935447,0.651182,-0.335976,0.443488
12.944493,0.326202,-0.228464,0.149051
12.953945,0.024435,0.026878,-0.201586
12.963371,-0.152716,0.327424,-0.504575
12.972827,-0.135612,0.565661,-0.6915
12.982218,0.079412,0.709825,-0.744034
12.99165,0.475253,0.725708,-0.668287
13.001098,0.971276,0.6072,-0.541227
13.010508,1.480737,0.431271,-0.44471
13.01992,1.881465,0.315206,-0.463036
13.029372,2.092824,0.300546,-0.604757
13.03879,2.108707,0.38851,-0.816116
13.048211,1.963321,0.50091,-0.979828
13.057645,1.725083,0.57177,-1.029919
13.067076,1.441642,0.560774,-0.974941
13.076695,1.148427,0.50824,-0.866207
13.08592,0.86865,0.41661,-0.722043
13.095349,0.647517,0.267559,-0.561996
13.104807,0.518014,0.029322,-0.399506
13.114237,0.489914,-0.232129,-0.271224
13.123649,0.551001,-0.430049,-0.272446
13.13306,0.659735,-0.516792,-0.395841
13.142526,0.778242,-0.499688,-0.572992
13.151916,0.878424,-0.399506,-0.730595
13.16135,0.972497,-0.245568,-0.827112
13.170773,1.088562,-0.108734,-0.888198
13.180238,1.220509,-0.014661,-0.916298
13.189652,1.345125,0.020769,-0.888198
13.199064,1.389108,0.017104,-0.838107
13.208483,1.336573,0.017104,-0.789238
13.217929,1.203404,0.047647,-0.759916
13.22732,1.033584,0.097738,-0.722043
13.23707,0.908968,0.112399,-0.624304
13.246211,0.890641,0.045204,-0.442266
13.255646,0.949285,-0.100182,-0.184481
13.265059,1.05191,-0.31032,0.109956
13.274467,1.125214,-0.45204,0.327424
13.283916,1.14354,-0.48014,0.382402
13.293342,1.081231,-0.393397,0.320093
13.302805,0.966389,-0.222355,0.191812
13.312194,0.858877,-0.061087,0.069639
13.321628,0.789238,0.026878,0.021991
13.331056,0.785573,0.0281,0.034208
13.340481,0.844216,-0.029322,0.092852
13.349912,0.965167,-0.113621,0.177151
13.359357,1.099557,-0.149051,0.206472
13.368788,1.192409,-0.072082,0.168599
13.378366,1.220509,0.133169,0.023213
13.387636,1.175305,0.367741,-0.129503
13.39732,1.070236,0.509462,-0.163712
13.406504,0.933402,0.467923,-0.025656
13.41592,0.821003,0.288328,0.221133
13.425333,0.773355,0.151495,0.379958
13.434805,0.767247,0.167377,0.37385
13.444219,0.76969,0.280998,0.234572
13.453614,0.759916,0.427606,0.084299
13.463074,0.739147,0.542448,0.00733
13.472481,0.74159,0.592539,0.032987
13.481888,0.768468,0.568105,0.129503
13.491321,0.806342,0.426384,0.272446
13.50073,0.840551,0.227242,0.400728
13.510239,0.855211,0.041539,0.449597
13.519608,0.834442,-0.026878,0.348193
13.52904,0.792903,0.051313,0.108734
13.538732,0.773355,0.223577,-0.172264
13.547884,0.773355,0.397062,-0.367741
13.55733,0.810007,0.519235,-0.45204
13.566761,0.872316,0.553444,-0.439823
13.576188,0.945619,0.537561,-0.386067
13.585606,0.990823,0.497244,-0.329867
13.595036,0.989602,0.476475,-0.294437
13.604463,0.916298,0.489914,-0.28955
13.613884,0.785573,0.504575,-0.28955
13.623326,0.620639,0.469145,-0.251676
13.632744,0.442266,0.395841,-0.172264
13.642229,0.238237,0.28222,-0.062308
13.651613,0.021991,0.140499,0.057421
13.661057,-0.164934,0.140499,0.16249
13.670471,-0.259007,-0.094073,0.234572
13.679894,-0.255342,-0.120951,0.213803
13.689322,-0.189368,-0.096517,0.129503
13.699073,-0.111177,-0.023213,0.045204
13.708178,-0.039095,0.06353,-0.037874
13.717604,0.029322,0.151495,-0.100182
13.727033,0.089186,0.189368,-0.095295
13.736474,0.149051,0.145386,-0.0281
13.745907,0.22602,0.047647,0.0562
13.755307,0.301767,-0.107512,0.114843
13.764754,0.364076,-0.227242,0.174707
13.774192,0.45204,-0.28222,0.153938
13.78371,0.548557,-0.28222,0.085521
13.793023,0.615752,-0.260229,0.037874
13.802483,0.624304,-0.260229,0.059865
13.811899,0.552222,-0.284663,0.161268
13.821318,0.38851,-0.344528,0.329867
13.830741,0.136834,-0.450819,0.526566
13.84027,-0.185703,-0.559553,0.668287
13.849603,-0.526566,-0.598648,0.682947
13.859027,-0.830777,-0.554666,0.583987
13.868455,-1.039693,-0.449597,0.454484
13.877875,-1.144761,-0.338419,0.37385
13.887315,-1.153314,-0.251676,0.370184
13.896771,-1.061684,-0.199142,0.394619
13.906185,-0.874759,-0.182038,0.408058
13.91561,-0.654848,-0.157603,0.378736
13.924991,-0.503353,-0.118508,0.270002
13.934439,-0.449597,-0.07086,0.111177
13.943868,-0.483805,0.020769,-0.075747
13.95333,-0.537561,0.118508,-0.216246
13.962744,-0.554666,0.215025,-0.249233
13.972176,-0.561996,0.306654,-0.173486
13.981611,-0.61453,0.364076,0.050091
13.991017,-0.733038,0.327424,0.384845
14.000704,-0.970054,0.173486,0.758695
14.009875,-1.319469,-0.067195,1.100779
14.019292,-1.66644,-0.315206,1.318247
14.028738,-1.932778,-0.499688,1.345125
14.038181,-2.129476,-0.514348,1.208291
14.047592,-2.261423,-0.400728,0.971276
14.057003,-2.318845,-0.160047,0.668287
14.066465,-2.285858,0.141721,0.337198
14.075901,-2.107485,0.436158,0.029322
14.085299,-1.792279,0.669508,-0.239459
14.094707,-1.365895,0.842994,-0.450819
14.104166,-0.851546,0.921185,-0.581544
14.113599,-0.367741,0.919963,-0.660956
14.123035,-0.003665,0.873537,-0.708604
14.13245,0.175929,0.783129,-0.750143
14.142023,0.167377,0.695165,-0.785573
14.151314,-0.040317,0.623083,-0.796568
14.160706,-0.456927,0.560774,-0.728151
14.170154,-1.012814,0.486249,-0.575435
14.179593,-1.594358,0.31765,-0.313985
14.189009,-2.063503,0.042761,0.023213
14.19841,-2.306627,-0.270002,0.337198
14.207846,-2.316401,-0.546114,0.510683
14.217268,-2.138028,-0.73426,0.502131
14.226688,-1.858252,-0.784351,0.382402
14.236154,-1.545489,-0.708604,0.174707
14.245573,-1.252274,-0.526566,-0.080634
14.255007,-1.01648,-0.316428,-0.301767
14.264423,-0.836885,-0.139277,-0.461814
14.273858,-0.725708,0.006109,-0.555887
14.283314,-0.657291,0.102625,-0.580322
14.292724,-0.625526,0.113621,-0.544892
14.302505,-0.620639,0.034208,-0.469145
14.311576,-0.634078,-0.081856,-0.371406
14.320985,-0.640187,-0.200364,-0.284663
14.330442,-0.648739,-0.290772,-0.178373
14.339849,-0.668287,-0.34575,-0.043982
14.349294,-0.704939,-0.368963,0.123395
14.358714,-0.747699,-0.377515,0.331089
14.368142,-0.756251,-0.377515,0.513127
14.37756,-0.763582,-0.364076,0.601091
14.386994,-0.789238,-0.348193,0.587652
14.396425,-0.842994,-0.383623,0.526566
14.405868,-0.872316,-0.443488,0.419054
14.41528,-0.841772,-0.465479,0.237016
14.424705,-0.76236,-0.42394,-0.024435
14.434152,-0.673173,-0.266337,-0.274889
14.443675,-0.570548,-0.090408,-0.465479
14.453024,-0.431271,0.07086,-0.557109
14.462736,-0.267559,0.212581,-0.565661
14.47186,-0.113621,0.291994,-0.481362
14.481235,0.020769,0.298102,-0.31765
14.490689,0.109956,0.257785,-0.108734
14.500102,0.120951,0.174707,0.146608
14.509546,0.012217,0.024435,0.414167
14.518968,-0.223577,-0.103847,0.668287
14.528406,-0.532675,-0.158825,0.840551
14.537831,-0.839329,-0.153938,0.921185
14.547266,-1.104444,-0.128282,0.938289
14.556685,-1.254717,-0.087965,0.893085
14.566166,-1.271821,-0.048869,0.768468
14.575578,-1.183857,0.029322,0.577879
14.584994,-1.025032,0.09163,0.304211
14.594403,-0.801455,0.124617,-0.006109
14.604005,-0.558331,0.156382,-0.287107
14.61328,-0.302989,0.211359,-0.525344
14.622693,-0.061087,0.285885,-0.723264
14.632131,0.141721,0.365297,-0.842994
14.641543,0.313985,0.45204,-0.897972
14.650982,0.432493,0.526566,-0.89675
14.660405,0.496023,0.574213,-0.810007
14.669852,0.502131,0.569326,-0.660956
14.679258,0.455705,0.477697,-0.445932
14.688705,0.327424,0.318872,-0.211359
14.698132,0.118508,0.106291,0.017104
14.70757,-0.160047,-0.06353,0.178373
14.717011,-0.469145,-0.163712,0.249233
14.726421,-0.777021,-0.167377,0.251676
14.735847,-1.014036,-0.097738,0.244346
14.745248,-1.147205,-0.014661,0.274889
14.754686,-1.1582,0.046426,0.362854
14.764368,-1.08001,0.0562,0.498466
14.773561,-0.972497,0.058643,0.593761
14.78298,-0.866207,0.085521,0.623083
14.792394,-0.784351,0.129503,0.621861
14.80185,-0.739147,0.129503,0.597426
14.811261,-0.720821,0.084299,0.559553
14.820685,-0.711047,0.018326,0.532675
14.830115,-0.700052,-0.067195,0.521679
14.839554,-0.652404,-0.157603,0.51557
14.848951,-0.574213,-0.244346,0.489914
14.858378,-0.522901,-0.270002,0.425162
14.867802,-0.514348,-0.238237,0.375071
14.877239,-0.546114,-0.16249,0.333532
14.886671,-0.613309,-0.113621,0.32498
14.896088,-0.719599,-0.11973,0.370184
14.905792,-0.872316,-0.18326,0.461814
14.914954,-1.047023,-0.248011,0.521679
14.924384,-1.191187,-0.348193,0.507018
14.933827,-1.252274,-0.403171,0.445932
14.943249,-1.227839,-0.408058,0.370184
14.952701,-1.161866,-0.366519,0.299324
14.962101,-1.076345,-0.291994,0.272446
14.971571,-1.007928,-0.206472,0.31765
14.980977,-0.939511,-0.163712,0.40928
14.99042,-0.844216,-0.160047,0.492357
14.999815,-0.742812,-0.177151,0.511905
15.00926,-0.640187,-0.211359,0.463036
15.018688,-0.57177,-0.25412,0.40928
15.028097,-0.533896,-0.298102,0.359189
15.037533,-0.532675,-0.294437,0.268781
15.047043,-0.54367,-0.217468,0.146608
15.056392,-0.53634,-0.092852,0.042761
15.065823,-0.546114,0.053756,0.001222
15.075245,-0.597426,0.178373,0.092852
15.084671,-0.74159,0.234572,0.334754
15.094105,-0.974941,0.184481,0.676839
15.103588,-1.254717,0.043982,1.027475
15.112971,-1.543046,-0.125838,1.284039
15.122372,-1.804496,-0.255342,1.37689
15.131789,-1.998751,-0.280998,1.315804
15.141244,-2.079385,-0.219911,1.098336
15.150678,-2.039068,-0.047647,0.733038
15.16008,-1.871691,0.207694,0.302989
15.169518,-1.58825,0.454484,-0.139277
15.178961,-1.222952,0.651182,-0.477697
15.188371,-0.772134,0.740369,-0.673173
15.197801,-0.263894,0.759916,-0.755029
15.207453,0.266337,0.713491,-0.800234
15.216674,0.680504,0.604757,-0.80512
15.226086,0.905302,0.483805,-0.783129
15.235553,0.948063,0.370184,-0.763582
15.244964,0.822225,0.311541,-0.737925
15.254378,0.558331,0.31765,-0.731817
15.263816,0.201586,0.387289,-0.720821
15.273236,-0.201586,0.448375,-0.668287
15.282663,-0.582765,0.461814,-0.527788
15.292106,-0.880868,0.394619,-0.309098
15.301511,-1.077566,0.219911,-0.050091
15.310959,-1.177748,-0.034208,0.217468
15.320381,-1.167974,-0.250455,0.436158
15.329808,-1.110553,-0.408058,0.570548
15.339232,-1.037249,-0.471588,0.609644
15.348659,-0.948063,-0.44471,0.557109
15.358082,-0.867429,-0.392176,0.432493
15.367709,-0.813673,-0.332311,0.287107
15.377007,-0.79046,-0.243124,0.151495
15.386378,-0.763582,-0.124617,0.002443
15.395821,-0.722043,-0.024435,-0.145386
15.405237,-0.651182,0.009774,-0.235794
15.414627,-0.541227,-0.008552,-0.252898
15.424057,-0.387289,-0.0562,-0.229685
15.433489,-0.251676,-0.131947,-0.200364
15.442911,-0.167377,-0.194255,-0.167377
15.452342,-0.174707,-0.257785,-0.118508
15.461757,-0.252898,-0.321315,-0.041539
15.471263,-0.386067,-0.375071,0.042761
15.48064,-0.524122,-0.445932,0.118508
15.490114,-0.659735,-0.516792,0.167377
15.499485,-0.79779,-0.553444,0.167377
15.509006,-0.908968,-0.566883,0.09896
15.518394,-0.941954,-0.555887,-0.015882
15.527787,-0.869872,-0.483805,-0.164934
15.537254,-0.717156,-0.36041,-0.312763
15.546664,-0.492357,-0.201586,-0.458149
15.556071,-0.207694,-0.057421,-0.532675
15.565482,0.103847,0.031765,-0.529009
15.575459,0.40928,0.050091,-0.489914
15.584356,0.630413,0.010996,-0.403171
15.59376,0.718378,-0.057421,-0.284663
15.603221,0.646295,-0.120951,-0.111177
15.612641,0.419054,-0.144164,0.083078
15.622037,0.030543,-0.142942,0.295659
15.631544,-0.466701,-0.11973,0.526566
15.640973,-0.982271,-0.072082,0.724486
15.650365,-1.39766,-0.072082,0.819781
15.659765,-1.648114,0.059865,0.784351
15.669431,-1.777618,0.047647,0.653626
15.678615,-1.826487,-0.008552,0.494801
15.688065,-1.751961,-0.047647,0.31032
15.697947,-1.53205,-0.037874,0.050091
15.706911,-1.185079,0.030543,-0.233351
15.716324,-0.779464,0.109956,-0.476475
15.725875,-0.393397,0.219911,-0.641409
15.735183,-0.068417,0.329867,-0.73426
15.744642,0.160047,0.445932,-0.779464
15.754073,0.266337,0.559553,-0.753808
15.763479,0.273668,0.632856,-0.634078
15.772917,0.204029,0.632856,-0.436158
15.782342,0.09896,0.554666,-0.173486
15.791773,0.001222,0.387289,0.102625
15.801236,-0.109956,0.175929,0.362854
15.81088,-0.233351,-0.047647,0.592539
15.820057,-0.389732,-0.22602,0.756251
15.829487,-0.596204,-0.306654,0.812451
15.838934,-0.824668,-0.306654,0.773355
15.848346,-1.022588,-0.250455,0.69883
15.857772,-1.11544,-0.180816,0.615752
15.867195,-1.109331,-0.133169,0.566883
15.876655,-1.032362,-0.107512,0.524122
15.886053,-0.901637,-0.065973,0.455705
15.895488,-0.739147,0.003665,0.339641
15.904909,-0.577879,0.086743,0.196699
15.914374,-0.426384,0.160047,0.043982
15.923796,-0.306654,0.228464,-0.096517
15.933192,-0.202807,0.229685,-0.208916
15.942638,-0.171042,0.180816,-0.300546
15.952046,-0.189368,0.095295,-0.326202
15.961472,-0.235794,-0.014661,-0.251676
15.971163,-0.295659,-0.156382,-0.07086
15.980357,-0.342085,-0.312763,0.191812
15.989767,-0.392176,-0.486249,0.469145
15.9992,-0.510683,-0.637743,0.715934
16.008627,-0.701273,-0.733038,0.884533
16.018092,-0.977384,-0.755029,0.965167
16.027475,-1.281595,-0.708604,0.967611
16.036944,-1.519833,-0.594983,0.927293
16.046336,-1.565037,-0.482584,0.866207
16.055766,-1.339017,-0.403171,0.778242
16.065185,-0.919963,-0.293215,0.586431
16.07463,-0.419054,-0.167377,0.28955
16.084074,-0.002443,-0.015882,-0.051313
16.09348,0.210138,0.140499,-0.335976
16.102905,0.18326,0.26145,-0.530231
16.112535,-0.001222,0.326202,-0.559553
16.121755,-0.208916,0.300546,-0.447153
16.131206,-0.357967,0.191812,-0.249233
16.140604,-0.470366,0.047647,-0.014661
16.150039,-0.596204,-0.084299,0.228464
16.15946,-0.739147,-0.193033,0.497244
16.168929,-0.902859,-0.339641,0.723264
16.178349,-1.067792,-0.48014,0.874759
16.187749,-1.216844,-0.552222,0.907746
16.197189,-1.326799,-0.527788,0.829555
16.206589,-1.406212,-0.405615,0.665843
16.216048,-1.463633,-0.186925,0.459371
16.225461,-1.439199,0.057421,0.26145
16.234898,-1.299921,0.287107,0.087965
16.244378,-1.032362,0.488692,-0.043982
16.253907,-0.636522,0.64263,-0.111177
16.263184,-0.160047,0.696386,-0.095295
16.272609,0.293215,0.608422,0.008552
16.282063,0.621861,0.44471,0.16249
16.291511,0.784351,0.276111,0.276111
16.300915,0.780686,0.168599,0.316428
16.310366,0.637743,0.125838,0.263894
16.31977,0.392176,0.16249,0.151495
16.329168,0.094073,0.235794,-0.017104
16.33859,-0.223577,0.36041,-0.18326
16.348031,-0.529009,0.491136,-0.312763
16.357484,-0.785573,0.587652,-0.392176
16.366901,-0.961502,0.586431,-0.414167
16.37631,-1.036027,0.474031,-0.379958
16.385716,-0.994489,0.266337,-0.351858
16.395344,-0.918741,0.039095,-0.428827
16.404598,-0.888198,-0.097738,-0.569326
16.414012,-0.955393,-0.158825,-0.720821
16.423475,-1.083675,-0.12706,-0.855211
16.432887,-1.160644,-0.039095,-0.93218
16.442358,-1.144761,0.050091,-0.938289
16.451775,-1.038471,0.087965,-0.847881
16.461195,-0.845437,0.052534,-0.654848
16.470596,-0.583987,-0.012217,-0.412945
16.480022,-0.312763,-0.106291,-0.160047
16.489458,-0.089186,-0.221133,0.069639
16.498916,0.017104,-0.364076,0.262672
16.508293,-0.046426,-0.547335,0.376293
16.517736,-0.300546,-0.717156,0.502131
16.527147,-0.708604,-0.847881,0.675617
16.536604,-1.154535,-0.945619,0.864985
16.54602,-1.518611,-0.974941,1.037249
16.555638,-1.68721,-0.963945,1.133766
16.564871,-1.657888,-0.938289,1.08001
16.574337,-1.490511,-0.82589,0.912633
16.583742,-1.288926,-0.625526,0.641409
16.593156,-1.086118,-0.397062,0.309098
16.602593,-0.856433,-0.156382,-0.046426
16.612039,-0.603535,0.074526,-0.392176
16.621436,-0.344528,0.210138,-0.674395
16.630885,-0.107512,0.263894,-0.814894
16.640306,0.089186,0.237016,-0.817338
16.649726,0.249233,0.147829,-0.72693
16.659152,0.399506,0.051313,-0.609644
16.668609,0.505796,-0.014661,-0.518014
16.678034,0.569326,-0.045204,-0.47281
16.687445,0.583987,-0.030543,-0.491136
16.696879,0.476475,0.050091,-0.507018
16.706303,0.221133,0.117286,-0.463036
16.715755,-0.146608,0.156382,-0.355524
16.725198,-0.527788,0.174707,-0.233351
16.73458,-0.807564,0.186925,-0.140499
16.74402,-0.92485,0.206472,-0.094073
16.753471,-0.880868,0.204029,-0.101404
16.762875,-0.718378,0.151495,-0.131947
16.772292,-0.497244,0.084299,-0.188146
16.781713,-0.284663,0.050091,-0.311541
16.791171,-0.123395,0.089186,-0.488692
16.800597,-0.040317,0.158825,-0.674395
16.809992,-0.032987,0.250455,-0.827112
16.819426,-0.043982,0.368963,-0.92485
16.828882,-0.050091,0.507018,-0.990823
16.8383,-0.050091,0.636522,-0.998154
16.847732,-0.036652,0.709825,-0.916298
16.857411,0.004887,0.725708,-0.745256
16.866589,0.074526,0.711047,-0.522901
16.876004,0.16249,0.631635,-0.259007
16.885429,0.230907,0.507018,0.034208
16.89486,0.26145,0.38118,0.300546
16.904294,0.230907,0.298102,0.493579
16.913705,0.166155,0.256563,0.580322
16.923143,0.075747,0.25412,0.586431
16.932577,-0.020769,0.294437,0.537561
16.942058,-0.116064,0.354302,0.456927
16.951446,-0.169821,0.438601,0.365297
16.960832,-0.167377,0.50091,0.259007
16.970319,-0.113621,0.559553,0.145386
16.979694,0.024435,0.580322,0.036652
16.989111,0.277333,0.575435,-0.102625
16.998833,0.620639,0.569326,-0.263894
17.007985,0.974941,0.554666,-0.404393
17.0174,1.246165,0.53634,-0.50091
17.026829,1.402547,0.50824,-0.532675
17.036241,1.457524,0.439823,-0.504575
17.045677,1.455081,0.335976,-0.414167
17.055125,1.406212,0.213803,-0.26145
17.064585,1.303586,0.07086,-0.074526
17.073982,1.111775,-0.09163,0.11973
17.083433,0.840551,-0.273668,0.315206
17.092852,0.547335,-0.417832,0.47281
17.102306,0.276111,-0.474031,0.557109
17.111749,0.074526,-0.50091,0.59987
17.121138,-0.047647,-0.477697,0.659735
17.130599,-0.111177,-0.447153,0.686613
17.139992,-0.133169,-0.404393,0.681726
17.149414,-0.09163,-0.349415,0.660956
17.158843,0.025656,-0.285885,0.585209
17.168284,0.156382,-0.189368,0.45204
17.177717,0.262672,-0.090408,0.291994
17.187125,0.359189,0.004887,0.161268
17.196576,0.44471,0.073304,0.009774
17.205998,0.546114,0.131947,-0.135612
17.215403,0.70616,0.138056,-0.230907
17.224832,0.884533,0.130725,-0.288328
17.234284,1.031141,0.136834,-0.316428
17.243713,1.161866,0.149051,-0.270002
17.253119,1.282817,0.142942,-0.19792
17.262543,1.343903,0.156382,-0.15516
17.271985,1.303586,0.210138,-0.161268
17.281402,1.11544,0.256563,-0.19792
17.290831,0.792903,0.277333,-0.227242
17.30036,0.393397,0.298102,-0.232129
17.309706,0.042761,0.305433,-0.208916
17.319123,-0.178373,0.252898,-0.18326
17.328544,-0.276111,0.182038,-0.189368
17.337983,-0.265116,0.12706,-0.233351
17.347418,-0.157603,0.057421,-0.329867
17.35683,0.031765,0.039095,-0.450819
17.366252,0.31032,0.043982,-0.605978
17.375668,0.671952,0.030543,-0.795347
17.385116,1.095892,-0.008552,-0.945619
17.39453,1.469742,-0.039095,-1.028697
17.404006,1.72997,-0.009774,-1.064127
17.413417,1.866804,0.09163,-1.060462
17.422821,1.852143,0.222355,-1.022588
17.432262,1.699427,0.333532,-0.941954
17.441809,1.444085,0.405615,-0.823446
17.451124,1.144761,0.421497,-0.674395
17.46055,0.849103,0.395841,-0.514348
17.469971,0.6353,0.334754,-0.371406
17.479391,0.507018,0.224798,-0.26145
17.488843,0.471588,0.079412,-0.158825
17.498297,0.497244,-0.086743,-0.072082
17.507681,0.535118,-0.230907,0.003665
17.517131,0.576657,-0.29688,0.051313
17.526557,0.621861,-0.274889,0.073304
17.535973,0.675617,-0.188146,0.064752
17.545665,0.758695,-0.096517,0.040317
17.554818,0.869872,-0.061087,0.043982
17.564269,0.989602,-0.039095,0.039095
17.573673,1.065349,-0.023213,-0.006109
17.583189,1.093449,0.002443,-0.06353
17.59254,1.077566,0.045204,-0.090408
17.601934,1.02381,0.072082,-0.057421
17.611399,0.95295,0.042761,0.062308
17.620804,0.866207,-0.065973,0.239459
17.63023,0.76969,-0.239459,0.44471
17.639647,0.669508,-0.398284,0.630413
17.649106,0.552222,-0.504575,0.737925
17.658539,0.42394,-0.548557,0.764803
17.667935,0.322537,-0.566883,0.692721
17.677389,0.265116,-0.582765,0.533896
17.686805,0.222355,-0.519235,0.294437
17.696223,0.178373,-0.348193,0.006109
17.705917,0.118508,-0.15516,-0.212581
17.715084,0.076969,-0.040317,-0.306654
17.724504,0.094073,-0.009774,-0.270002
17.733937,0.215025,-0.065973,-0.158825
17.743351,0.448375,-0.150273,-0.036652
17.752814,0.779464,-0.213803,-0.004887
17.762253,1.119105,-0.26145,-0.061087
17.771677,1.365895,-0.287107,-0.160047
17.781085,1.479516,-0.287107,-0.248011
17.790524,1.442864,-0.222355,-0.309098
17.799965,1.282817,-0.108734,-0.320093
17.809369,1.045801,0.032987,-0.230907
17.818813,0.792903,0.15516,-0.07086
17.82825,0.569326,0.251676,0.125838
17.837675,0.392176,0.307876,0.338419
17.847084,0.250455,0.320093,0.549779
17.856524,0.101404,0.259007,0.687834
17.865974,-0.045204,0.100182,0.728151
17.875388,-0.141721,-0.079412,0.693943
17.884812,-0.089186,-0.250455,0.514348
17.894243,0.103847,-0.299324,0.179594
17.903708,0.350637,-0.210138,-0.200364
17.913094,0.477697,-0.223577,0.010996
17.922517,0.731817,-0.520457,0.316428
17.931971,1.061684,-0.206472,0.047647
17.941381,1.174083,0.244346,-0.107512
17.950818,1.071458,0.548557,-0.321315
17.96023,0.800234,0.828333,-0.447153
17.969673,0.50824,0.922407,-0.40928
17.979103,0.257785,0.781907,-0.243124
17.988507,0.080634,0.51557,0.053756
17.99795,-0.07086,0.262672,0.290772
18.007581,-0.166155,0.078191,0.421497
18.016824,-0.206472,0.058643,0.453262
18.026222,-0.248011,0.116064,0.40928
18.035683,-0.300546,0.147829,0.389732
18.045129,-0.351858,0.153938,0.403171
18.054524,-0.365297,0.142942,0.433714
18.063957,-0.401949,0.11973,0.438601
18.073368,-0.510683,0.122173,0.411723
18.082805,-0.586431,0.144164,0.327424
18.09225,-0.587652,0.128282,0.24679
18.101646,-0.522901,0.078191,0.18326
18.111078,-0.443488,0.285885,0.302989
18.120504,-0.568105,0.224798,0.399506
18.129947,-0.54367,0.11973,0.340863
18.139364,-0.455705,0.067195,0.240681
18.148784,-0.38851,-0.023213,0.175929
18.15825,-0.327424,-0.080634,0.11973
18.167912,-0.300546,-0.102625,0.068417
18.177091,-0.328645,-0.22602,0.0562
18.186505,-0.45204,-0.350637,0.095295
18.195946,-0.608422,-0.406836,0.147829
18.205378,-0.794125,-0.386067,0.151495
18.214784,-1.04458,-0.311541,0.147829
18.224217,-1.273043,-0.267559,0.186925
18.23367,-1.324356,-0.260229,0.343306
18.243039,-1.219287,-0.439823,0.367741
18.25253,-0.956615,-0.654848,0.150273
18.261919,-0.564439,-0.733038,-0.135612
18.271367,-0.102625,-0.718378,-0.305433
18.280808,0.288328,-0.630413,-0.279776
18.290206,0.48747,-0.481362,-0.12706
18.299644,0.551001,-0.290772,0.018326
18.309353,0.554666,-0.095295,0.100182
18.318511,0.520457,0.012217,0.133169
18.327926,0.419054,0.036652,0.171042
18.337369,0.252898,0.052534,0.255342
18.3468,0.095295,0.040317,0.182038
18.356206,0.037874,0.014661,0.166155
18.365666,0.109956,0.186925,0.273668
18.375069,0.260229,0.355524,0.294437
18.384504,0.493579,0.467923,0.262672
18.393907,0.794125,0.544892,0.26145
18.40334,1.081231,0.6353,0.259007
18.41277,1.302365,0.714712,0.19059
18.422179,1.402547,0.772134,0.036652
18.431633,1.28526,0.783129,-0.03543
18.441054,0.951728,0.744034,-0.019548
18.450488,0.436158,0.649961,0.046426
18.4599,-0.171042,0.426384,0.150273
18.469564,-0.711047,0.222355,0.265116
18.478781,-1.060462,0.179594,0.389732
18.488208,-1.236391,0.259007,0.513127
18.497634,-1.262048,0.421497,0.594983
18.507057,-1.181413,0.652404,0.590096
18.516491,-1.048245,0.784351,0.476475
18.525912,-0.873537,0.712269,0.241903
18.535357,-0.664621,0.535118,-0.061087
18.544801,-0.44471,0.342085,-0.371406
18.554205,-0.25412,0.175929,-0.568105
18.56365,-0.125838,0.026878,-0.612087
18.573078,0.0281,-0.020769,-0.530231
18.582512,0.241903,0.061087,-0.430049
18.591932,0.48014,0.149051,-0.342085
18.601352,0.658513,0.179594,-0.250455
18.611103,0.796568,0.201586,-0.193033
18.620196,0.895528,0.186925,-0.200364
18.629611,0.979828,0.178373,-0.223577
18.639072,1.033584,0.182038,-0.237016
18.648489,1.022588,0.168599,-0.25412
18.657911,0.91752,0.158825,-0.250455
18.66733,0.709825,0.11973,-0.217468
18.676788,0.469145,0.064752,-0.180816
18.686185,0.306654,0.018326,-0.147829
18.69562,0.244346,-0.039095,-0.146608
18.705049,0.250455,-0.105069,-0.156382
18.714488,0.315206,-0.11973,-0.160047
18.723907,0.548557,-0.057421,-0.145386
18.733342,0.724486,0.078191,-0.13439
18.742764,0.79046,0.179594,-0.096517
18.752455,0.784351,0.267559,-0.059865
18.761617,0.680504,0.298102,-0.023213
18.771034,0.509462,0.272446,-0.009774
18.780496,0.29688,0.199142,0.008552
18.789911,0.141721,0.105069,0.025656
18.799395,0.065973,0.00733,0.017104
18.808766,0.07086,-0.069639,-0.018326
18.818212,0.075747,-0.114843,-0.079412
18.827608,-0.003665,-0.12706,-0.151495
18.83707,-0.238237,-0.12706,-0.194255
18.846427,-0.596204,-0.118508,-0.210138
18.85591,-0.926072,-0.09163,-0.186925
18.86531,-1.181413,0.001222,-0.15516
18.87475,-1.317025,0.146608,-0.120951
18.884189,-1.33413,0.248011,-0.084299
18.893585,-1.232726,0.285885,-0.039095
